#,title,author,journal,year,source,pages,volume,abstract,document_type,doi,url,affiliation,author_keywords,keywords,publisher,issn,language,note,status,selection_criteria
1,Automatic reference architecture conformance checking for SOA - Based software systems,"Weinreich, Rainer and Buchgeher, Georg",,2014,Scopus,95 - 104,,"Company-wide reference architectures are an important means for standardization and reuse. Standardization is enforced through reference architecture conformance checking. Manual conformance checking is too time- and resource-intensive to be performed continuously for the various systems that are part of a SOA. We present an approach for automatic reference architecture conformance checking of SOA-based software systems. Reference architectures are defined based on rules consisting of roles and of constraints on roles and role relationships. By mapping the roles to the elements of a software architecture representation, reference architecture specifications are reusable for different software systems. Through automating the whole checking process, including architecture extraction, role mapping, and rule evaluation, the approach can be applied continuously for the different systems that are part of a SOA. The approach has been developed and refined by applying it to a SOA in the banking domain. During its evolution from semi-automatic to a fully automatic approach it has also changed the way of how architecture information is provided as part of the system implementation in this domain. © 2014 IEEE.",Conference paper,10.1109/WICSA.2014.22,https://www.scopus.com/inward/record.uri?eid=2-s2.0-84903699771&doi=10.1109%2FWICSA.2014.22&partnerID=40&md5=96fd4bda5bf10a64931ef66740c65973,,conformance checking; reference architecture; service-oriented architecture (SOA); software architecture,Computer software; Information services; Mapping; Service oriented architecture (SOA); Software architecture; Standardization; Automatic approaches; Conformance checking; Reference architecture; Rule evaluation; Semi-automatics; Software systems; System implementation; Architecture,,,,Cited by: 19,Accepted,"Studies addressing ACC in microservice-based systems, including cloud-native and event-driven distributed architectures explicitly aligned with the microservices paradigm."
2,Ensuring and assessing architecture conformance to microservice decomposition patterns,"Zdun, Uwe and Navarro, Elena M. and Leymann, Frank",Lecture Notes in Computer Science,2017,Scopus,411 - 429,10601 LNCS,"Microservice-based software architecture design has been widely discussed, and best practices have been published as architecture design patterns. However, conformance to those patterns is hard to ensure and assess automatically, leading to problems such as architectural drift and erosion, especially in the context of continued software evolution or large-scale microservice systems. In addition, not much in the component and connector architecture models is specific (only) to the microservices approach, whereas other aspects really specific to that approach, such as independent deployment of microservices, are usually modeled in other views or not at all. We suggest a set of constraints to check and metrics to assess architecture conformance to microservice patterns. In comparison to expert judgment derived from the patterns, a subset of these constraints and metrics shows a good relative performance and potential for automation. © Springer International Publishing AG 2017.",Conference paper,10.1007/978-3-319-69035-3_29,https://www.scopus.com/inward/record.uri?eid=2-s2.0-85034118349&doi=10.1007%2F978-3-319-69035-3_29&partnerID=40&md5=09028be9a2824f32498a3cc9a1e061cb,,,Artificial intelligence; Computer science; Computers; Architecture designs; Best practices; Connector architectures; Expert judgment; Relative performance; Software architecture design; Software Evolution; Distributed computer systems,,,,Cited by: 40; All Open Access; Green Accepted Open Access; Green Open Access,Accepted,"Studies addressing ACC in microservice-based systems, including cloud-native and event-driven distributed architectures explicitly aligned with the microservices paradigm."
3,Assessing architecture conformance to coupling-related patterns and practices in microservices,"Ntentos, Evangelos and Zdun, Uwe and Plakidas, Konstantinos and Meixner, Sebastian and Geiger, Sebastian",Lecture Notes in Computer Science,2020,Scopus,3 - 20,12292 LNCS,"Microservices are the go-to architectural style for building applications that are polyglot, support high scalability, independent development and deployment, and are rapidly adaptable to changes. Among the core tenets for a successful microservice architecture is high independence of the individual microservices, i.e. loose coupling. A number of patterns and best practices are well-established in the literature, but most actual microservice-based systems do not, as a whole or in part, conform to them. Assessing this conformance manually is not realistically possible for large-scale systems. This study aims to provide the foundations for an automated approach for assessing conformance to coupling-related patterns and practices specific for microservice architectures. We propose a model-based assessment based on generic, technology-independent metrics, connected to typical design decisions encountered in microservice architectures. We demonstrate and assess the validity and appropriateness of these metrics by performing an assessment of the conformance of real-world systems to patterns through statistical methods. © Springer Nature Switzerland AG 2020.",Conference paper,10.1007/978-3-030-58923-3_1,https://www.scopus.com/inward/record.uri?eid=2-s2.0-85091491521&doi=10.1007%2F978-3-030-58923-3_1&partnerID=40&md5=40ac2ec320983cc02b5585a7b76de071,,,Software architecture; Architectural style; Automated approach; Building applications; High scalabilities; Loose couplings; Model-based OPC; Real-world system; Technology independent; Large scale systems,,,,Cited by: 14,Accepted,"Studies addressing ACC in microservice-based systems, including cloud-native and event-driven distributed architectures explicitly aligned with the microservices paradigm."
4,Metrics for assessing architecture conformance to microservice architecture patterns and practices,"Ntentos, Evangelos and Zdun, Uwe and Plakidas, Konstantinos and Meixner, Sebastian and Geiger, Sebastian",Lecture Notes in Computer Science,2020,Scopus,580 - 596,12571 LNCS,"Many contemporary service-based systems follow the microservice approach, particularly in DevOps or continuous delivery contexts. They share a set of important tenets such as independent development and deployment, high releasability, polyglot technology support, and loose coupling. A number of best practices for microservice architectures have been codified as patterns, which embody those tenets. However, no real-world microservices system can support all patterns and practices well, but rather architectural decisions making trade-offs among them are needed. Conformance to the patterns and practices selected in such decisions is hard to ensure and assess automatically, especially in large-scale, complex, and evolving systems. In this work, we propose a model-based approach based on generic, technology-independent metrics, tied to typical architectural design decisions in the microservice domain. With this approach we can measure conformance to the patterns and related tenets. We demonstrate and assess the validity and appropriateness of these metrics in performing an assessment of a system’s conformance to patterns through statistical methods. © Springer Nature Switzerland AG 2020.",Conference paper,10.1007/978-3-030-65310-1_42,https://www.scopus.com/inward/record.uri?eid=2-s2.0-85098257999&doi=10.1007%2F978-3-030-65310-1_42&partnerID=40&md5=3aa4617740e9ab7d0afe4515c2f39740,,,Economic and social effects; Architectural decision; Architectural design decisions; Architecture patterns; Evolving systems; Model based approach; Service-based systems; Technology independent; Technology support; Architecture,,,,Cited by: 9,Accepted,"Studies addressing ACC in microservice-based systems, including cloud-native and event-driven distributed architectures explicitly aligned with the microservices paradigm."
5,Applying a multi-platform architectural conformance solution in a real-world microservice-based system,"Araujo, Elena A. and Espíndola, Álvaro M. and Garcia, Vinícius Cardoso and Terra, Ricardo",ACM International Conference Proceeding Series,2020,Scopus,41 - 50,,"Microservice architectures are composed of a set of independent microservices that execute well-defined functionalities, allowing each one to be developed in different programming languages and data management technologies. The problem, however, is that such heterogeneity implies in a harder verification process of communication among microservices and the architectural designs of each microservice. Although the state-of-the-art provides several architectural conformance solutions, none formally restricts communications (e.g., over HTTP) between different systems. Even stable and industrial solutions - -such as Kubernetes, Terraform, and Docker Compose - -provide basic mechanisms to restrict communications between microservices. Thereupon, this paper proposes and evaluates a multi-platform architectural conformance solution for the microservice architecture. For this purpose, (i) we specify an architectural constraint language, called DCL+ - -adapted from the DCL (Dependency Constraint Language) language; (ii) we propose a multi-platform process that restricts the communication between the microservices and also verifies the architectural projects of each one of them; (iii) we develop DCL+check, a tool that implements the proposed solution; (iv) we apply our process in a medium-size real-world application composed of eleven microservices, developed in two different languages (JavaScript and Java). As result, we found 16 communication and 171 structural design violations. The communication violations occurred in general due to the lack of knowledge of the developers about the restrictions of communication among the modules of the orchestrator system and other microservices, as well as the evolution of two microservices. © 2020 ACM.",Conference paper,10.1145/3425269.3425270,https://www.scopus.com/inward/record.uri?eid=2-s2.0-85095810870&doi=10.1145%2F3425269.3425270&partnerID=40&md5=e7e0a97f76bf857656bc9c0a149ea44a,,,Computer software reusability; Structural design; Architectural constraints; Architectural projects; Basic mechanism; Dependency constraints; Industrial solutions; Management technologies; State of the art; Verification process; Information management,,,,Cited by: 0,Accepted,"Studies addressing ACC in microservice-based systems, including cloud-native and event-driven distributed architectures explicitly aligned with the microservices paradigm."
6,Towards a method for monitoring the coupling evolution of microservice-based architectures,"de Freitas Apolinário, Daniel Rodrigo and de França, Breno Bernard Nicolau",ACM International Conference Proceeding Series,2020,Scopus,71 - 80,,"The microservice architecture is claimed to satisfy ongoing software development demands, such as resilience, flexibility, and velocity. However, developing applications based on microservices also brings some drawbacks, such as the increased software operational complexity. Recent studies have also pointed out the lack of methods to prevent problems related to the maintainability of these solutions. Disregarding established design principles during the software evolution may lead to the so-called architectural erosion, which can end up in a condition of unfeasible maintenance. As microservices can be considered a new architecture style, there are few initiatives to monitoring the evolution of software microservice-based architectures. In this paper, we introduce the SYMBIOTE method for monitoring the coupling evolution of microservice-based systems. More specifically, this method collects coupling metrics during runtime (staging or production environments) and monitors them throughout software evolution. The longitudinal analysis of the collected measures allows detecting an upward trend in coupling metrics that could be signs of architectural erosion. To develop the proposed method, we performed an experimental analysis of the coupling metrics behavior using artificially-generated data. © 2020 ACM.",Conference paper,10.1145/3425269.3425273,https://www.scopus.com/inward/record.uri?eid=2-s2.0-85095820890&doi=10.1145%2F3425269.3425273&partnerID=40&md5=add7766e1e8a85bb98d13c462bb4a90c,,Coupling metrics; Maintainability; Microservices; Software Evolution,Application programs; Computer software reusability; Erosion; Architecture styles; Coupling evolution; Design Principles; Experimental analysis; Longitudinal analysis; Operational complexity; Production environments; Software Evolution; Software design,,,,Cited by: 3,Accepted,"Studies addressing ACC in microservice-based systems, including cloud-native and event-driven distributed architectures explicitly aligned with the microservices paradigm."
7,Monitoring Behavioral Compliance with Architectural Patterns Based on Complex Event Processing,"Krieger, Christoph and Breitenb\""{u}cher, Uwe and Falkenthal, Michael and Leymann, Frank and Yussupov, Vladimir and Zdun, Uwe",,2020,ACM Digital Library,125–140,,"Architectural patterns assist in the process of architectural decision making as they capture architectural aspects of proven solutions. In many cases, the chosen patterns have system-wide implications on non-functional requirements such as availability, performance, and resilience. Ensuring compliance with the selected patterns is of vital importance to avoid architectural drift between the implementation and its desired architecture. Most of the patterns not only capture structural but also significant behavioral architectural aspects that need to be checked. In case all properties of the system are known before runtime, static compliance checks of application code and configuration files might be sufficient. However, in case aspects of the system dynamically evolve, e.g., due to manual reconfiguration, compliance with the architectural patterns also needs to be monitored during runtime. In this paper, we propose to link compliance rules to architectural patterns that specify behavioral aspects of the patterns based on runtime events using stream queries. These queries serve as input for a complex event processing component to automatically monitor architecture compliance of a running system. To validate the practical feasibility, we applied the approach to a set of architectural patterns in the domain of distributed systems and prototypically implemented a compliance monitor.",,10.1007/978-3-030-44769-4_10,https://doi.org/10.1007/978-3-030-44769-4_10,,,"Architecture compliance, Architectural patterns, Behavioral compliance monitoring, Complex event processing",Springer-Verlag,,,,Accepted,"Studies addressing ACC in microservice-based systems, including cloud-native and event-driven distributed architectures explicitly aligned with the microservices paradigm."
8,Evaluating and Improving Microservice Architecture Conformance to Architectural Design Decisions,"Ntentos, Evangelos and Zdun, Uwe and Plakidas, Konstantinos and Geiger, Sebastian",Lecture Notes in Computer Science,2021,Scopus,188 - 203,13121 LNCS,"Microservices are a commonly used architectural style targeting independent development, deployment, and release of services, as well as supporting polyglot capabilities and rapid release strategies. This depends on the presence of certain software architecture qualities. A number of architecture patterns and best practices that support the required qualities have been proposed in the literature, but usually in isolation of one another. Additionally, in real-world systems, assessing conformance to these patterns and practices and detecting possible violations is a significant challenge. For small-scale systems of a few services, a manual assessment and violation detection by an expert is probably both accurate and sufficient. However, for industrial-scale systems of several hundred or more services, manual assessment and violation detection is laborious and likely leads to inaccurate results. Furthermore, manual assessment is impractical for rapidly evolving and frequently released system architectures. In this work we examine a subset of microservice-relevant patterns, and propose a method for the semi-automatic detection and resolution of conformance violations. Our aim is to assist the software architect by providing a set of possible fix options and generating models of “fixed” architectures. © 2021, Springer Nature Switzerland AG.",Conference paper,10.1007/978-3-030-91431-8_12,https://www.scopus.com/inward/record.uri?eid=2-s2.0-85120524117&doi=10.1007%2F978-3-030-91431-8_12&partnerID=40&md5=7c0a3ca83ce0ea7e29e48e83a98d3392,,,Architectural design decisions; Architectural style; Architecture patterns; Best practices; Industrial scale systems; Rapid release; Real-world system; Release strategies; Small-scale systems; Violation detections; Software architecture,,,,Cited by: 5,Accepted,"Studies addressing ACC in microservice-based systems, including cloud-native and event-driven distributed architectures explicitly aligned with the microservices paradigm."
9,Semi-automatic Feedback for Improving Architecture Conformance to Microservice Patterns and Practices,"Ntentos, Evangelos and Zdun, Uwe and Plakidas, Konstantinos and Geiger, Sebastian",,2021,Scopus,36 - 46,,"Microservices are one of the most recommended architectural styles for distributed applications that support independent development and deployment, enable rapid release, and are highly scalable and polyglot. Many well-established patterns and best practices have been documented in the literature. As there are many such guidances, they have numerous interdependencies, and system designs must adhere to many other architecture constraints, too, implementations do not always conform to those guidances. In complex or large systems, it can be hard and tedious to spot violations. Our work aims to offer automated support for architecting during the continuous evolution of microservice-based systems. More specifically we aim to provide the foundations for an automated approach for architecture reconstruction, assessing conformance to patterns and practices specific for microservice architectures, and detect possible violations. Based on this, we provide actionable options to architects for improving architecture conformance as part of a continuous feedback loop. That is, our goal is to support architecting in the context of continuous delivery practices, where architecture violations are continuously analyzed and fix options are continuously suggested. © 2021 IEEE.",Conference paper,10.1109/ICSA51549.2021.00012,https://www.scopus.com/inward/record.uri?eid=2-s2.0-85106981120&doi=10.1109%2FICSA51549.2021.00012&partnerID=40&md5=21f3e272b00832b218635553f530d18f,,best practices; continuous architecture improvement; feedback loop; Microservices; patterns,Software architecture; Architectural style; Architecture reconstruction; Automated approach; Automated support; Best practices; Distributed applications; Feed-back loop; Semi-automatics; Automation,,,,Cited by: 17,Accepted,"Studies addressing ACC in microservice-based systems, including cloud-native and event-driven distributed architectures explicitly aligned with the microservices paradigm."
10,A method for monitoring the coupling evolution of microservice-based architectures,"Apolinário, Daniel R.F. and de França, Breno Bernard Nicolau",Journal of the Brazilian Computer Society,2021,Scopus,,27,"The microservice architecture is claimed to satisfy ongoing software development demands, such as resilience, flexibility, and velocity. However, developing applications based on microservices also brings some drawbacks, such as the increased software operational complexity. Recent studies have also pointed out the lack of methods to prevent problems related to the maintainability of these solutions. Disregarding established design principles during the software evolution may lead to the so-called architectural erosion, which can end up in a condition of unfeasible maintenance. As microservices can be considered a new architecture style, there are few initiatives to monitoring the evolution of software microservice-based architectures. In this paper, we introduce the SYMBIOTE method for monitoring the coupling evolution of microservice-based systems. More specifically, this method collects coupling metrics during runtime (staging or production environments) and monitors them throughout software evolution. The longitudinal analysis of the collected measures allows detecting an upward trend in coupling metrics that could represent signs of architectural degradation. To develop the proposed method, we performed an experimental analysis of the coupling metrics behavior using artificially generated data. The results of these experiment revealed the metrics behavior in different scenarios, providing insights to develop the analysis method for the identification of architectural degradation. We evaluated the SYMBIOTE method in a real-case open source project called Spinnaker. The results obtained in this evaluation show the relationship between architectural changes and upward trends in coupling metrics for most of the analyzed release intervals. Therefore, the first version of SYMBIOTE has shown potential to detect signs of architectural degradation during the evolution of microservice-based architectures. © 2021, The Author(s).",Article,10.1186/s13173-021-00120-y,https://www.scopus.com/inward/record.uri?eid=2-s2.0-85120964084&doi=10.1186%2Fs13173-021-00120-y&partnerID=40&md5=cbc0e8df254457768b1cae8caeaf6e2b,,Coupling metrics; Maintainability; Microservices; Software architecture; Software engineering; Software evolution,Application programs; Open source software; Software architecture; Software design; Architecture styles; Condition; Coupling evolution; Coupling metric; Design Principles; Microservice; Operational complexity; Runtimes; Software Evolution; Upward trend; Maintainability,,,,Cited by: 20; All Open Access; Gold Open Access,Accepted,"Studies addressing ACC in microservice-based systems, including cloud-native and event-driven distributed architectures explicitly aligned with the microservices paradigm."
11,Conformance Assessment of Architectural Design Decisions on the Mapping of Domain Model Elements to APIs and API Endpoints,"Singjai, Apitchaka and Zdun, Uwe",,2022,Scopus,76 - 83,,"Microservice APIs are often identified and designed based on Domain-Driven Design (DDD). To help in the continuous analysis of mappings of domain model elements to APIs and API endpoints, we aim to automate the assessment of conformance to Architectural Design Decision (ADD) options. The ADDs, their decision options, and relevant decision drivers studied in this paper originate from an empirical study on the mapping of domain model elements to APIs and API endpoints in practice. We propose automated detectors to detect the decision options of the ADDs taken in a given microservice API model, and an assessment scoring scheme based on the empirical knowledge codified in the ADDs. We evaluate our work, by first manually creating a ground truth for 14 cases in a multi-case study, and then comparing the results of our automated detectors to the ground truth for each of the 14 cases. In the cases we were able to identify 86% of the decision points correctly, and a statistical analysis of our data shows only a negligible effect size for differences to the ground truth. © 2022 IEEE.",Conference paper,10.1109/ICSA-C54293.2022.00058,https://www.scopus.com/inward/record.uri?eid=2-s2.0-85132156777&doi=10.1109%2FICSA-C54293.2022.00058&partnerID=40&md5=3e2aa421b5fd4b24cafd09c2a033ac48,,API Design; Architectural Design Decision; Conformance Assessment; DDD; Microservice Architecture,Architectural design; Software architecture; API design; Architectural design decisions; Automated detectors; Conformance assessment; Continuous analysis; Domain model; Domain-driven designs; Ground truth; Microservice architecture; Model elements; Mapping,,,,Cited by: 1,Accepted,"Studies addressing ACC in microservice-based systems, including cloud-native and event-driven distributed architectures explicitly aligned with the microservices paradigm."
12,Assessing Architecture Conformance to Security-Related Practices in Infrastructure as Code Based Deployments,"Ntentos, Evangelos and Zdun, Uwe and Falazi, Ghareeb and Breitenbücher, Uwe and Leymann, Frank",,2022,Scopus,123 - 133,,"Infrastructure as Code (IaC) enables developers and operations teams to automatically deploy and manage an IT infrastructure via software. Among other uses, IaC is widely used in the context of continuously released deployments such as those of microservice and other cloud-based systems. Although IaC-based deployments have been utilized by many companies, there are no approaches on checking their conformance to architectural aspects yet. In this paper, we focus on security-related practices including observability, access control, and traffic control in IaC-based deployments. While best practices for this topic have been documented in some gray literature sources such as practitioners' blogs and public repositories, approaches enabling automated checking of conformance to such best practices do not yet exist. We propose a model-based approach based on generic, technology-independent metrics, tied to typical architectural design decisions on IaC-based deployments. With this approach, we can measure conformance to security-related practices. We demonstrate and assess the validity and appropriateness of these metrics in assessing a system's conformance to practices through regression analysis. © 2022 IEEE.",Conference paper,10.1109/SCC55611.2022.00029,https://www.scopus.com/inward/record.uri?eid=2-s2.0-85138037280&doi=10.1109%2FSCC55611.2022.00029&partnerID=40&md5=8426e3bbce08ccc97b9609781c1c9c9c,,best practices; Infrastructure as code; metrics; modeling; software architecture,Regression analysis; Software architecture; Traffic control; Best practices; Cloud-based; Generic technology; Grey literature; Infrastructure as code; IT infrastructures; Metric; Model based approach; Modeling; Public repositories; Access control,,,,Cited by: 2,Accepted,"Studies addressing ACC in microservice-based systems, including cloud-native and event-driven distributed architectures explicitly aligned with the microservices paradigm."
13,Assessing Architecture Conformance to Coupling-Related Infrastructure-as-Code Best Practices: Metrics and Case Studies,"Ntentos, Evangelos and Zdun, Uwe and Soldani, Jacopo and Brogi, A.",Lecture Notes in Computer Science,2022,Scopus,101 - 116,13444 LNCS,"Infrastructure as Code (IaC) is an IT practice that facilitates the management of the underlying infrastructure as software. It enables developers or operations teams to automatically manage, monitor, and provision resources rather than organize them manually. In many industries, this practice is widespread and has already been fully adopted. However, few studies provide techniques for evaluating architectural conformance in IaC deployments and, in particular, aspects such as loose coupling. This paper focuses on coupling-related patterns and practices such as deployment strategies and the structuring of IaC elements. Many best practices are documented in gray literature sources, such as practitioner books, blogs, and public repositories. Still, there are no approaches yet to automatically check conformance with such best practices. We propose an approach based on generic, technology-independent metrics tied to typical architectural design decisions for IaC-based practices in microservice deployments to support architecting in the context of continuous delivery practices. We present three case studies based on open-source microservice architectures to validate our approach. © 2022, The Author(s), under exclusive license to Springer Nature Switzerland AG.",Conference paper,10.1007/978-3-031-16697-6_7,https://www.scopus.com/inward/record.uri?eid=2-s2.0-85139055698&doi=10.1007%2F978-3-031-16697-6_7&partnerID=40&md5=92a48b524ba0d45d201490a08b8edce9,,architecture conformance; IaC best practices; Infrastructure as Code; metrics; software architecture,Software architecture; Architecture conformance; Best practices; Case-studies; Code deployment; Deployment strategy; Grey literature; Infrastructure as code; Infrastructure as code best practice; Loose couplings; Metric; Open source software,,,,Cited by: 3,Accepted,"Studies addressing ACC in microservice-based systems, including cloud-native and event-driven distributed architectures explicitly aligned with the microservices paradigm."
14,API Description-Based Conformance Assessment of Architectural Design Decision,"Singjai, Apitchaka and Zdun, Uwe",,2022,Scopus,59 - 68,,"Microservice APIs are often designed based on Domain-Driven Design. It can be challenging to judge the quality of the relation between such a design and the implemented API, especially when facing frequent releases and changes in an API and its design models. Manual conformance assessment of this relation is time-intensive and error prone. This paper proposes a novel approach for automated conformance assessment of API designs in relation to API design decisions. Our approach aims to provide the first fully automated conformance assessment approach based solely on the code of API Descriptions such as OpenAPI. We applied and exemplified our approach for checking conformance to the patterns and practices in an API design decision for mapping links in a system's domain model to API representations. The total accuracy score (F1-measure) for decision option identification in our multi-case study for this decision is 97.22%. © 2022 IEEE.",Conference paper,10.1109/SOSE55356.2022.00013,https://www.scopus.com/inward/record.uri?eid=2-s2.0-85141357694&doi=10.1109%2FSOSE55356.2022.00013&partnerID=40&md5=2ad201d4c891488ae0242aec28663d21,,ADD; API Design; Architecture Conformance Assessment; DDD; Microservice Architecture,ADD; API design; Architectural design decisions; Architecture conformance assessment; Conformance assessment; DDD; Design decisions; Design models; Domain-driven designs; Microservice architecture; Application programming interfaces (API),,,,Cited by: 2,Accepted,"Studies addressing ACC in microservice-based systems, including cloud-native and event-driven distributed architectures explicitly aligned with the microservices paradigm."
15,Conformance assessment of Architectural Design Decisions on API endpoint designs derived from domain models,"Singjai, Apitchaka and Zdun, Uwe",Journal of Systems and Software,2022,Scopus,,193,"Context: Domain-driven design (DDD) is commonly used to design microservices. A crucial aspect of microservice design is API design, which includes the design of API endpoints. Objective: Our objective is to automate the assessment of conformance to Architectural Design Decisions (ADDs) on the interrelation of DDD and APIs. In particular, we studied link mapping, API operation design, and resource segregation as API endpoint design issues that are linked to domain model design. We particularly aim to address conformance checking in the context of frequent release practices, as frequent manual conformance checking is difficult or infeasible. Methods: We suggest a new approach for the automated assessment of conformance to ADD options. The approach suggests automated detectors to detect ADD options selected in a given API endpoint design, as well as an assessment scoring scheme based on empirical results. For the evaluation of our approach, we first manually created a ground truth for 12 cases in a multi-case study, and then compared the results of our automated detectors to the ground truth for each of those cases. Results: With our approach, all ADD options in our multi-case study possibly can be automatically detected. Without further improvements, our approach identifies 83% of the decision points in the multi-case study correctly. A statistical analysis of our data shows only a negligible effect size for differences to the ground truth. Conclusion: Our new approach provides a pragmatic method for automated detection of conformance to ADDs on the interrelation of DDD and APIs. The approach can support the continuous analysis of API endpoint designs. © 2022 The Authors",Article,10.1016/j.jss.2022.111433,https://www.scopus.com/inward/record.uri?eid=2-s2.0-85135305434&doi=10.1016%2Fj.jss.2022.111433&partnerID=40&md5=32dd3c4553ebddce3f7b2a8dc625d20d,,API design; Architecture conformance assessment; Domain driven design; Microservice architecture,Application programming interfaces (API); Architectural design; API design; Architectural design decisions; Architecture conformance assessment; Case-studies; Conformance assessment; Conformance checking; Domain model; Domain-driven designs; Ground truth; Microservice architecture; Automation,,,,Cited by: 5; All Open Access; Hybrid Gold Open Access,Accepted,"Studies addressing ACC in microservice-based systems, including cloud-native and event-driven distributed architectures explicitly aligned with the microservices paradigm."
16,Detecting and Resolving Coupling-Related Infrastructure as Code Based Architecture Smells in Microservice Deployments,"Ntentos, Evangelos and Zdun, Uwe and Falazi, Ghareeb and Breitenbücher, Uwe and Leymann, Frank","IEEE International Conference on Cloud Computing, CLOUD",2023,Scopus,201 - 211,2023-July,"The Infrastructure as Code (IaC) concept enables IT infrastructure to be managed as software: resources can be managed, monitored, and provisioned automatically instead of manually by developers or operations teams. Many industries have already embraced this concept widely. However, research on IaC-based deployments, particularly research focusing on loose coupling, often does not offer methods for evaluating architectural conformance, spotting architecture smells, and support for correcting the found smells. Our work strives to provide an automatic method for continuously developing microservice-based systems and the associated infrastructure. We aim to offer an automated architectural refactoring method that checks if IaCbased deployments adhere to patterns and best practices and do not contain potential architectural smells. We provide architects with viable options for enhancing architectural conformance during microservice development. In short, by continuously detecting architectural smells and suggesting possible fixes, we aim to support architecture evolution within the framework of continuous delivery practices. We evaluate our approach using three case studies and variants based on open-source microservice architectures. © 2023 IEEE.",Conference paper,10.1109/CLOUD60044.2023.00031,https://www.scopus.com/inward/record.uri?eid=2-s2.0-85174302755&doi=10.1109%2FCLOUD60044.2023.00031&partnerID=40&md5=c14bcce16ca5f1ab642cef5a88458038,,architecture smells; best practices; Infrastructure as code; metrics; modeling,Codes (symbols); Open source software; Architecture smell; Automatic method; Best practices; Infrastructure as code; IT infrastructures; Loose couplings; Metric; Modeling; Refactoring methods; Software resources; Odors,,,,Cited by: 2,Accepted,"Studies addressing ACC in microservice-based systems, including cloud-native and event-driven distributed architectures explicitly aligned with the microservices paradigm."
17,DOMICO: Checking conformance between domain models and implementations,"Zhong, Chenxing and Zhang, He and Huang, Huang and Chen, Zhikun and Li, Chao and Liu, Xiaodong and Li, Shanshan",Software - Practice and Experience,2024,Scopus,595 - 616,54,"As a predominant design method for microsservices architecture (MSA), domain-driven design (DDD) utilizes a series of standard patterns in both models and implementations to effectively support the design of architectural elements. However, an implementation may deviate from its original domain model that uses certain patterns. The deviation between a domain model and its implementation is a type of architectural drift, which needs to be detected promptly. This paper proposes an approach, namely DOMICO, to check the conformance between the domain model and its implementation, by which the conformance is formalized by defining eight common structural patterns of domain modeling and their representations in both models and the corresponding source code. Based on the formalization, our approach can not only identify the discrepancies (e.g., divergence, absence, and modification) with respect to pattern elements, but also detect possible violations of 24 compliance rules imposed by the patterns. To validate DOMICO, we performed a case study to investigate its use in a supply chain project and its performance. The results show that DOMICO can accurately identify 100% inconsistency issues in the cases examined. As the first conformance checking approach for DDD, DOMICO can be integrated into the regular domain modeling process and help ensure the conformity of microservice implementations to models. © 2023 John Wiley & Sons, Ltd.",Article,10.1002/spe.3272,https://www.scopus.com/inward/record.uri?eid=2-s2.0-85174190323&doi=10.1002%2Fspe.3272&partnerID=40&md5=77117fcaf4d7e21b10d8ffbc4c176c19,,architectural drift; architecture conformance checking; code implementation; domain model; domain-driven design; microservices architecture,Architectural design; Codes (symbols); Architectural drift; Architectural element; Architecture conformance checking; Code implementation; Conformance checking; Design method; Domain model; Domain-driven designs; Microservice architecture; Standard pattern; Supply chains,,,,Cited by: 5; All Open Access; Bronze Open Access,Accepted,Studies that explicitly investigate Architectural Conformance Checking (ACC) in software systems.
18,Detection Strategies for Microservice Security Tactics,"Zdun, Uwe and Queval, Pierre Jean and Simhandl, Georg and Scandariato, Riccardo and Chakravarty, Somik and Jelić, Marjan and Jovanović, A. S.",IEEE Transactions on Dependable and Secure Computing,2024,Scopus,1257 - 1273,21,"Microservice architectures are widely used today to implement distributed systems. Securing microservice architectures is challenging because of their polyglot nature, continuous evolution, and various security concerns relevant to such architectures. This article proposes a novel, model-based approach providing detection strategies to address the automated detection of security tactics (or patterns and best practices) in a given microservice architecture decomposition model. Our novel detection strategies are metrics-based rules that decide conformance to a security recommendation based on a statistical predictor. The proposed approach models this recommendation using Architectural Design Decisions (ADDs). We apply our approach for four different security-related ADDs on access management, traffic control, and avoiding plaintext sensitive data in the context of microservice systems. We then apply our approach to a model data set of 10 open-source microservice systems and 20 variants of those systems. Our results are detection strategies showing a very low bias, a very high correlation, and a low prediction error in our model data set. © 2004-2012 IEEE.",Article,10.1109/TDSC.2023.3276487,https://www.scopus.com/inward/record.uri?eid=2-s2.0-85160216527&doi=10.1109%2FTDSC.2023.3276487&partnerID=40&md5=9c14d9de24c27f20d68ba619a574a65d,,Conformance checking; detection strategies; metrics; microservice architecture security; microservices,Authorization; Information management; Network security; Open systems; Sensitive data; Architectural design decisions; Code; Conformance checking; Detection strategy; Metric; Microservice; Microservice architecture; Microservice architecture security; Modeling data; Security; Computer architecture,,,,Cited by: 3; All Open Access; Hybrid Gold Open Access,Accepted,"Studies addressing ACC in microservice-based systems, including cloud-native and event-driven distributed architectures explicitly aligned with the microservices paradigm."
19,CATMA: Conformance Analysis Tool for Microservice Applications,"Cao, Clinton and Schneider, Simon and Díaz Ferreyra, Nicolás E. and Verwer, Sicco E. and Panichella, Annibale and Scandariato, Riccardo",Proceedings - International Conference on Software Engineering,2024,Scopus,59 - 63,,"The microservice architecture allows developers to divide the core functionality of their software system into multiple smaller services. However, this architectural style also makes it harder for them to debug and assess whether the system's deployment conforms to its implementation. We present CATMA, an automated tool that detects non-conformances between the system's deployment and implementation. It automatically visualizes and generates potential interpretations for the detected discrepancies. Our evaluation of CATMA shows promising results in terms of performance and providing useful insights. CATMA is available at https://cyberanalytics. nl/catma.github.io/, and a demonstration video is available at https://youtu.be/WKP1hG-TDKc. © 2024 IEEE Computer Society. All rights reserved.",Conference paper,10.1145/3639478.3640022,https://www.scopus.com/inward/record.uri?eid=2-s2.0-85188258629&doi=10.1145%2F3639478.3640022&partnerID=40&md5=1f4f18ceba149d26d74bb010a0657fb2,,dynamic analysis; empirical software engineering; microservices; software testing; static analysis,Application programs; HTTP; Program debugging; Static analysis; Analysis tools; Architectural style; Automated tools; Core functionality; Dynamics analysis; Empirical Software Engineering; Microservice; Software testings; Software-systems; System deployment; Software testing,,,,Cited by: 4; All Open Access; Gold Open Access; Green Open Access,Accepted,"Studies addressing ACC in microservice-based systems, including cloud-native and event-driven distributed architectures explicitly aligned with the microservices paradigm."