title,author,journal,year,source,pages,volume,abstract,document_type,doi,url,affiliation,author_keywords,keywords,publisher,issn,language,note,status,selection_criteria
An architectural style for scalable choreography-based microservice-oriented distributed systems,"Filippone, Gianluca and Pompilio, Claudio and Autili, Marco and Tivoli, Massimo",Computing,2023,Scopus,1933 - 1956,105,"Service choreographies are a versatile approach for building service-based distributed systems. Many approaches can be found in the literature tackling different aspects of service choreographies, such as choreography realizability and conformance checking, distributed coordination, formal choreographic languages, and scalability. As of today, choreography scalability has not been specifically addressed through approaches that also consider coordination issues while still decoupling these two related aspects. Scalability is one of the most important properties to be considered when building distributed systems. It enhances the user-perceived performances and influences the overall dependability of the system. In particular, load scalability allows distributed service-oriented systems to effectively handle varying loads without suffering performance degradation. In this direction, microservice-based systems are able to scale thanks to the possibility of replicating those microservices exposed to growing loads, distributing their workload among different instances. By leveraging on our experience in coordinating service choreographies, in this paper, we propose a layered architectural style that allows to realize scalable microservice-oriented choreographies. The architecture integrates a fully-distributed coordination layer capable of ensuring the correct interactions and a load-balancing layer that allows to balance of coordinated requests. We discuss the properties of the proposed architectural style and evaluate its benefits on user-perceived performances. © 2022, The Author(s), under exclusive licence to Springer-Verlag GmbH Austria, part of Springer Nature.",Article,10.1007/s00607-022-01139-5,https://www.scopus.com/inward/record.uri?eid=2-s2.0-85143627065&doi=10.1007%2Fs00607-022-01139-5&partnerID=40&md5=99268a3d9dd57170a99d75632836bdea,,Distributed systems; Load balancing; Microservices; Scalability,Architecture; Architectural style; Building services; Distributed coordination; Distributed systems; Load-Balancing; Microservice; Perceived performance; Property; Service choreographies; Service-based distributed systems; Scalability,,,,Cited by: 2,Rejected,"Studies that discuss software architecture in general without addressing conformance, compliance, or consistency."
Reliable Monitoring for Runtime Validation of Choreographies,"von Riegen, Michael and Ritter, Norbert",,2009,IEEE Digital Library,310-315,,"Cross-organizational business processes gain more and more attention in the scientific community. For modeling these processes, choreographies are an adequate solution to describe the observable behavior for each business participant and the corresponding protocols between them. Nevertheless, current approaches mainly focus on modeling and conformance checking before runtime. In contrast, this contribution concentrates on the runtime validation of choreographies and will thus propose a monitoring infrastructure that supports this validation. We will sketch the requirements for a monitoring infrastructure as well as the solutions in order to meet these requirements. Without such a reliable monitoring framework, a runtime validation framework simply would not be able to correctly validate the interactions.",,10.1109/ICIW.2009.52,,,,Monitoring;Runtime;Web services;Service oriented architecture;Instruments;Transport protocols;Collaboration;Web and internet services;Information systems;Business communication;service-oriented architectures;cross-organizational business processes;choreographies;monitoring;validation;interactions,,,,,Rejected,Studies that do not address Architectural Conformance Checking as a central topic.
A Symmetric Petri Net Model of Generic Publish-Subscribe Systems for Verification and Business Process Conformance Checking,"Meyer, Tom",CEUR Workshop Proceedings,2023,Scopus,88 - 109,3430,"The highly decoupled nature of distributed systems can greatly simplify modular development. However, it is easy to lose track of component interactions and emerging system behavior. To inspect the behavior of the aggregated system, an abstract model and analysis tools can be of great help. In this paper, we present such a model that follows the Event-Driven Architecture paradigm. We argue that a Petri net model that captures the event flow, without modeling event data, is a useful abstraction to give insight into a system composed of distributed components. We present a symmetric Petri net model with publish-subscribe middleware and a generic abstraction of components. The model was designed with the intention to produce a finite P/T net to be compatible with current Petri net model checking tools. To build such a model, information about component behavior is necessary. We show that this information is encoded in the system implementation, and we describe potential means for automatic extraction. With the formal Petri net model, we enable the use of established verification methods. We discuss ideas from business process conformance checking and other verification properties that may deepen the system understanding. The proposed methods can be used either for static analysis during design time or to automatically signal issues at runtime. © 2023 Copyright for this paper by its authors. Use permitted under Creative Commons License Attribution 4.0 International (CC BY 4.0).",Conference paper,,https://www.scopus.com/inward/record.uri?eid=2-s2.0-85166003230&partnerID=40&md5=ad17cf37b861564cb633ca803ac7775f,,Conformance Checking; Distributed System; Event-Driven Architecture; Petri Net Model; Publish-Subscribe; Verification,Message passing; Middleware; Model checking; Petri nets; Static analysis; Business Process; Conformance checking; Distributed systems; Event-driven architectures; Modular development; Petri net models; Publish/subscribe; Publish/Subscribe system; Symmetrics; Verification process; Abstracting,,,,Cited by: 5,Rejected,Studies that do not address Architectural Conformance Checking as a central topic.
Web service choreography conformance verification through the piX-model,"van Seghbroeck, Gregory and Volckaert, Bruno and de Turck, Filip D. and Dhoedt, Bart and Demeester, Piet M.A.",International Journal of Cooperative Information Systems,2010,Scopus,1 - 30,19,"As the adoption of the Service Oriented Architecture paradigm has dramatically increased over the past few years, proper coordination of loosely coupled services becomes an important issue when building state-of-the-art applications. This coordination is typically organized through orchestration (requiring a central coordinating entity) or through choreographies. While the latter approach allows for a fully distributed coordination, the need also arises for a distributed conformance check, ensuring that each participant of the choreography behaves according to the general choreography. In this paper, a formalism is presented to ensure this conformance at design time, with possible extensions to deploy time and to runtime conformance checking. This formalism is referred to as the piX-model and it will be shown that the approach taken is inherently less complex, both in time and space, than the conventional π-calculus-based approach, whilst offering the same conformance guarantees. This gain in performance allows for a small design turnaround time, and also opens the avenue to runtime conformance checking by resource constrained devices. © 2010 World Scientific Publishing Company.",Article,10.1142/S0218843010002097,https://www.scopus.com/inward/record.uri?eid=2-s2.0-77953822042&doi=10.1142%2FS0218843010002097&partnerID=40&md5=59cb8e3b64c6aa0f7de30b851b9e31e4,,choreography; open bisimulation; Web services; WS-CDL,,,,,Cited by: 2,Rejected,Studies that do not address Architectural Conformance Checking as a central topic.
A formal and visual modeling approach to choreography based web services composition and conformance verification,"Yeung, Wing Lok",Expert Systems with Applications,2011,Scopus,12772 - 12785,38,"Web services have emerged as the building blocks of a service-oriented architecture that supports not only enterprise application integration (EAI) and business process management (BPM) within an organization but also B2B collaboration based on business process integration. The web services choreography approach to B2B process integration allows business partners to orchestrate their own web services privately, while conforming with an agreed specification of the common ordering conditions and constraints under which messages are exchanged among partners' web services. In this approach, choreography conformance is an essential requirement for the successful implementation of collaborative processes. A formal approach to web services composition and conformance verification based on WS-CDL and WS-BPEL is presented. This approach involves model checking as an automated means of verifying choreography conformance. The main contributions include a precise notion of choreography conformance on which verification is based as well as support for the complementary use of visual modeling (e.g. UML) and standard WS-* notations in composition. © 2010 Elsevier Ltd. All rights reserved.",Article,10.1016/j.eswa.2011.04.068,https://www.scopus.com/inward/record.uri?eid=2-s2.0-79957995532&doi=10.1016%2Fj.eswa.2011.04.068&partnerID=40&md5=afe862255cad1bfca3badf60847427cb,,Choreography; Conformance verification; Contract negotiation; Model checking; Orchestration; Web services,B2B collaboration; Building blockes; Business partners; Business process integration; Business process management; Choreography; Collaborative process; Conformance verification; Contract negotiation; Enterprise application integration; Formal approach; Orchestration; Process integration; Service Oriented; Visual modeling; Web services composition; WS-BPEL; Enterprise resource management; Information services; Integration; Model checking; Service oriented architecture (SOA); User interfaces; Web ,,,,Cited by: 24,Rejected,Studies that do not address Architectural Conformance Checking as a central topic.
Automatic reference architecture conformance checking for SOA - Based software systems,"Weinreich, Rainer and Buchgeher, Georg",,2014,Scopus,95 - 104,,"Company-wide reference architectures are an important means for standardization and reuse. Standardization is enforced through reference architecture conformance checking. Manual conformance checking is too time- and resource-intensive to be performed continuously for the various systems that are part of a SOA. We present an approach for automatic reference architecture conformance checking of SOA-based software systems. Reference architectures are defined based on rules consisting of roles and of constraints on roles and role relationships. By mapping the roles to the elements of a software architecture representation, reference architecture specifications are reusable for different software systems. Through automating the whole checking process, including architecture extraction, role mapping, and rule evaluation, the approach can be applied continuously for the different systems that are part of a SOA. The approach has been developed and refined by applying it to a SOA in the banking domain. During its evolution from semi-automatic to a fully automatic approach it has also changed the way of how architecture information is provided as part of the system implementation in this domain. © 2014 IEEE.",Conference paper,10.1109/WICSA.2014.22,https://www.scopus.com/inward/record.uri?eid=2-s2.0-84903699771&doi=10.1109%2FWICSA.2014.22&partnerID=40&md5=96fd4bda5bf10a64931ef66740c65973,,conformance checking; reference architecture; service-oriented architecture (SOA); software architecture,Computer software; Information services; Mapping; Service oriented architecture (SOA); Software architecture; Standardization; Automatic approaches; Conformance checking; Reference architecture; Rule evaluation; Semi-automatics; Software systems; System implementation; Architecture,,,,Cited by: 19,Accepted,"Studies addressing ACC in microservice-based systems, including cloud-native and event-driven distributed architectures explicitly aligned with the microservices paradigm."
Ensuring and assessing architecture conformance to microservice decomposition patterns,"Zdun, Uwe and Navarro, Elena M. and Leymann, Frank",Lecture Notes in Computer Science,2017,Scopus,411 - 429,10601 LNCS,"Microservice-based software architecture design has been widely discussed, and best practices have been published as architecture design patterns. However, conformance to those patterns is hard to ensure and assess automatically, leading to problems such as architectural drift and erosion, especially in the context of continued software evolution or large-scale microservice systems. In addition, not much in the component and connector architecture models is specific (only) to the microservices approach, whereas other aspects really specific to that approach, such as independent deployment of microservices, are usually modeled in other views or not at all. We suggest a set of constraints to check and metrics to assess architecture conformance to microservice patterns. In comparison to expert judgment derived from the patterns, a subset of these constraints and metrics shows a good relative performance and potential for automation. © Springer International Publishing AG 2017.",Conference paper,10.1007/978-3-319-69035-3_29,https://www.scopus.com/inward/record.uri?eid=2-s2.0-85034118349&doi=10.1007%2F978-3-319-69035-3_29&partnerID=40&md5=09028be9a2824f32498a3cc9a1e061cb,,,Artificial intelligence; Computer science; Computers; Architecture designs; Best practices; Connector architectures; Expert judgment; Relative performance; Software architecture design; Software Evolution; Distributed computer systems,,,,Cited by: 40; All Open Access; Green Accepted Open Access; Green Open Access,Accepted,"Studies addressing ACC in microservice-based systems, including cloud-native and event-driven distributed architectures explicitly aligned with the microservices paradigm."
Assessing architecture conformance to coupling-related patterns and practices in microservices,"Ntentos, Evangelos and Zdun, Uwe and Plakidas, Konstantinos and Meixner, Sebastian and Geiger, Sebastian",Lecture Notes in Computer Science,2020,Scopus,3 - 20,12292 LNCS,"Microservices are the go-to architectural style for building applications that are polyglot, support high scalability, independent development and deployment, and are rapidly adaptable to changes. Among the core tenets for a successful microservice architecture is high independence of the individual microservices, i.e. loose coupling. A number of patterns and best practices are well-established in the literature, but most actual microservice-based systems do not, as a whole or in part, conform to them. Assessing this conformance manually is not realistically possible for large-scale systems. This study aims to provide the foundations for an automated approach for assessing conformance to coupling-related patterns and practices specific for microservice architectures. We propose a model-based assessment based on generic, technology-independent metrics, connected to typical design decisions encountered in microservice architectures. We demonstrate and assess the validity and appropriateness of these metrics by performing an assessment of the conformance of real-world systems to patterns through statistical methods. © Springer Nature Switzerland AG 2020.",Conference paper,10.1007/978-3-030-58923-3_1,https://www.scopus.com/inward/record.uri?eid=2-s2.0-85091491521&doi=10.1007%2F978-3-030-58923-3_1&partnerID=40&md5=40ac2ec320983cc02b5585a7b76de071,,,Software architecture; Architectural style; Automated approach; Building applications; High scalabilities; Loose couplings; Model-based OPC; Real-world system; Technology independent; Large scale systems,,,,Cited by: 14,Accepted,"Studies addressing ACC in microservice-based systems, including cloud-native and event-driven distributed architectures explicitly aligned with the microservices paradigm."
Metrics for assessing architecture conformance to microservice architecture patterns and practices,"Ntentos, Evangelos and Zdun, Uwe and Plakidas, Konstantinos and Meixner, Sebastian and Geiger, Sebastian",Lecture Notes in Computer Science,2020,Scopus,580 - 596,12571 LNCS,"Many contemporary service-based systems follow the microservice approach, particularly in DevOps or continuous delivery contexts. They share a set of important tenets such as independent development and deployment, high releasability, polyglot technology support, and loose coupling. A number of best practices for microservice architectures have been codified as patterns, which embody those tenets. However, no real-world microservices system can support all patterns and practices well, but rather architectural decisions making trade-offs among them are needed. Conformance to the patterns and practices selected in such decisions is hard to ensure and assess automatically, especially in large-scale, complex, and evolving systems. In this work, we propose a model-based approach based on generic, technology-independent metrics, tied to typical architectural design decisions in the microservice domain. With this approach we can measure conformance to the patterns and related tenets. We demonstrate and assess the validity and appropriateness of these metrics in performing an assessment of a system’s conformance to patterns through statistical methods. © Springer Nature Switzerland AG 2020.",Conference paper,10.1007/978-3-030-65310-1_42,https://www.scopus.com/inward/record.uri?eid=2-s2.0-85098257999&doi=10.1007%2F978-3-030-65310-1_42&partnerID=40&md5=3aa4617740e9ab7d0afe4515c2f39740,,,Economic and social effects; Architectural decision; Architectural design decisions; Architecture patterns; Evolving systems; Model based approach; Service-based systems; Technology independent; Technology support; Architecture,,,,Cited by: 9,Accepted,"Studies addressing ACC in microservice-based systems, including cloud-native and event-driven distributed architectures explicitly aligned with the microservices paradigm."
Applying a multi-platform architectural conformance solution in a real-world microservice-based system,"Araujo, Elena A. and Espíndola, Álvaro M. and Garcia, Vinícius Cardoso and Terra, Ricardo",ACM International Conference Proceeding Series,2020,Scopus,41 - 50,,"Microservice architectures are composed of a set of independent microservices that execute well-defined functionalities, allowing each one to be developed in different programming languages and data management technologies. The problem, however, is that such heterogeneity implies in a harder verification process of communication among microservices and the architectural designs of each microservice. Although the state-of-the-art provides several architectural conformance solutions, none formally restricts communications (e.g., over HTTP) between different systems. Even stable and industrial solutions - -such as Kubernetes, Terraform, and Docker Compose - -provide basic mechanisms to restrict communications between microservices. Thereupon, this paper proposes and evaluates a multi-platform architectural conformance solution for the microservice architecture. For this purpose, (i) we specify an architectural constraint language, called DCL+ - -adapted from the DCL (Dependency Constraint Language) language; (ii) we propose a multi-platform process that restricts the communication between the microservices and also verifies the architectural projects of each one of them; (iii) we develop DCL+check, a tool that implements the proposed solution; (iv) we apply our process in a medium-size real-world application composed of eleven microservices, developed in two different languages (JavaScript and Java). As result, we found 16 communication and 171 structural design violations. The communication violations occurred in general due to the lack of knowledge of the developers about the restrictions of communication among the modules of the orchestrator system and other microservices, as well as the evolution of two microservices. © 2020 ACM.",Conference paper,10.1145/3425269.3425270,https://www.scopus.com/inward/record.uri?eid=2-s2.0-85095810870&doi=10.1145%2F3425269.3425270&partnerID=40&md5=e7e0a97f76bf857656bc9c0a149ea44a,,,Computer software reusability; Structural design; Architectural constraints; Architectural projects; Basic mechanism; Dependency constraints; Industrial solutions; Management technologies; State of the art; Verification process; Information management,,,,Cited by: 0,Accepted,"Studies addressing ACC in microservice-based systems, including cloud-native and event-driven distributed architectures explicitly aligned with the microservices paradigm."
Towards a method for monitoring the coupling evolution of microservice-based architectures,"de Freitas Apolinário, Daniel Rodrigo and de França, Breno Bernard Nicolau",ACM International Conference Proceeding Series,2020,Scopus,71 - 80,,"The microservice architecture is claimed to satisfy ongoing software development demands, such as resilience, flexibility, and velocity. However, developing applications based on microservices also brings some drawbacks, such as the increased software operational complexity. Recent studies have also pointed out the lack of methods to prevent problems related to the maintainability of these solutions. Disregarding established design principles during the software evolution may lead to the so-called architectural erosion, which can end up in a condition of unfeasible maintenance. As microservices can be considered a new architecture style, there are few initiatives to monitoring the evolution of software microservice-based architectures. In this paper, we introduce the SYMBIOTE method for monitoring the coupling evolution of microservice-based systems. More specifically, this method collects coupling metrics during runtime (staging or production environments) and monitors them throughout software evolution. The longitudinal analysis of the collected measures allows detecting an upward trend in coupling metrics that could be signs of architectural erosion. To develop the proposed method, we performed an experimental analysis of the coupling metrics behavior using artificially-generated data. © 2020 ACM.",Conference paper,10.1145/3425269.3425273,https://www.scopus.com/inward/record.uri?eid=2-s2.0-85095820890&doi=10.1145%2F3425269.3425273&partnerID=40&md5=add7766e1e8a85bb98d13c462bb4a90c,,Coupling metrics; Maintainability; Microservices; Software Evolution,Application programs; Computer software reusability; Erosion; Architecture styles; Coupling evolution; Design Principles; Experimental analysis; Longitudinal analysis; Operational complexity; Production environments; Software Evolution; Software design,,,,Cited by: 3,Accepted,"Studies addressing ACC in microservice-based systems, including cloud-native and event-driven distributed architectures explicitly aligned with the microservices paradigm."
Evaluating and Improving Microservice Architecture Conformance to Architectural Design Decisions,"Ntentos, Evangelos and Zdun, Uwe and Plakidas, Konstantinos and Geiger, Sebastian",Lecture Notes in Computer Science,2021,Scopus,188 - 203,13121 LNCS,"Microservices are a commonly used architectural style targeting independent development, deployment, and release of services, as well as supporting polyglot capabilities and rapid release strategies. This depends on the presence of certain software architecture qualities. A number of architecture patterns and best practices that support the required qualities have been proposed in the literature, but usually in isolation of one another. Additionally, in real-world systems, assessing conformance to these patterns and practices and detecting possible violations is a significant challenge. For small-scale systems of a few services, a manual assessment and violation detection by an expert is probably both accurate and sufficient. However, for industrial-scale systems of several hundred or more services, manual assessment and violation detection is laborious and likely leads to inaccurate results. Furthermore, manual assessment is impractical for rapidly evolving and frequently released system architectures. In this work we examine a subset of microservice-relevant patterns, and propose a method for the semi-automatic detection and resolution of conformance violations. Our aim is to assist the software architect by providing a set of possible fix options and generating models of “fixed” architectures. © 2021, Springer Nature Switzerland AG.",Conference paper,10.1007/978-3-030-91431-8_12,https://www.scopus.com/inward/record.uri?eid=2-s2.0-85120524117&doi=10.1007%2F978-3-030-91431-8_12&partnerID=40&md5=7c0a3ca83ce0ea7e29e48e83a98d3392,,,Architectural design decisions; Architectural style; Architecture patterns; Best practices; Industrial scale systems; Rapid release; Real-world system; Release strategies; Small-scale systems; Violation detections; Software architecture,,,,Cited by: 5,Accepted,"Studies addressing ACC in microservice-based systems, including cloud-native and event-driven distributed architectures explicitly aligned with the microservices paradigm."
Semi-automatic Feedback for Improving Architecture Conformance to Microservice Patterns and Practices,"Ntentos, Evangelos and Zdun, Uwe and Plakidas, Konstantinos and Geiger, Sebastian",,2021,Scopus,36 - 46,,"Microservices are one of the most recommended architectural styles for distributed applications that support independent development and deployment, enable rapid release, and are highly scalable and polyglot. Many well-established patterns and best practices have been documented in the literature. As there are many such guidances, they have numerous interdependencies, and system designs must adhere to many other architecture constraints, too, implementations do not always conform to those guidances. In complex or large systems, it can be hard and tedious to spot violations. Our work aims to offer automated support for architecting during the continuous evolution of microservice-based systems. More specifically we aim to provide the foundations for an automated approach for architecture reconstruction, assessing conformance to patterns and practices specific for microservice architectures, and detect possible violations. Based on this, we provide actionable options to architects for improving architecture conformance as part of a continuous feedback loop. That is, our goal is to support architecting in the context of continuous delivery practices, where architecture violations are continuously analyzed and fix options are continuously suggested. © 2021 IEEE.",Conference paper,10.1109/ICSA51549.2021.00012,https://www.scopus.com/inward/record.uri?eid=2-s2.0-85106981120&doi=10.1109%2FICSA51549.2021.00012&partnerID=40&md5=21f3e272b00832b218635553f530d18f,,best practices; continuous architecture improvement; feedback loop; Microservices; patterns,Software architecture; Architectural style; Architecture reconstruction; Automated approach; Automated support; Best practices; Distributed applications; Feed-back loop; Semi-automatics; Automation,,,,Cited by: 17,Accepted,"Studies addressing ACC in microservice-based systems, including cloud-native and event-driven distributed architectures explicitly aligned with the microservices paradigm."
A method for monitoring the coupling evolution of microservice-based architectures,"Apolinário, Daniel R.F. and de França, Breno Bernard Nicolau",Journal of the Brazilian Computer Society,2021,Scopus,,27,"The microservice architecture is claimed to satisfy ongoing software development demands, such as resilience, flexibility, and velocity. However, developing applications based on microservices also brings some drawbacks, such as the increased software operational complexity. Recent studies have also pointed out the lack of methods to prevent problems related to the maintainability of these solutions. Disregarding established design principles during the software evolution may lead to the so-called architectural erosion, which can end up in a condition of unfeasible maintenance. As microservices can be considered a new architecture style, there are few initiatives to monitoring the evolution of software microservice-based architectures. In this paper, we introduce the SYMBIOTE method for monitoring the coupling evolution of microservice-based systems. More specifically, this method collects coupling metrics during runtime (staging or production environments) and monitors them throughout software evolution. The longitudinal analysis of the collected measures allows detecting an upward trend in coupling metrics that could represent signs of architectural degradation. To develop the proposed method, we performed an experimental analysis of the coupling metrics behavior using artificially generated data. The results of these experiment revealed the metrics behavior in different scenarios, providing insights to develop the analysis method for the identification of architectural degradation. We evaluated the SYMBIOTE method in a real-case open source project called Spinnaker. The results obtained in this evaluation show the relationship between architectural changes and upward trends in coupling metrics for most of the analyzed release intervals. Therefore, the first version of SYMBIOTE has shown potential to detect signs of architectural degradation during the evolution of microservice-based architectures. © 2021, The Author(s).",Article,10.1186/s13173-021-00120-y,https://www.scopus.com/inward/record.uri?eid=2-s2.0-85120964084&doi=10.1186%2Fs13173-021-00120-y&partnerID=40&md5=cbc0e8df254457768b1cae8caeaf6e2b,,Coupling metrics; Maintainability; Microservices; Software architecture; Software engineering; Software evolution,Application programs; Open source software; Software architecture; Software design; Architecture styles; Condition; Coupling evolution; Coupling metric; Design Principles; Microservice; Operational complexity; Runtimes; Software Evolution; Upward trend; Maintainability,,,,Cited by: 20; All Open Access; Gold Open Access,Accepted,"Studies addressing ACC in microservice-based systems, including cloud-native and event-driven distributed architectures explicitly aligned with the microservices paradigm."
Conformance Assessment of Architectural Design Decisions on the Mapping of Domain Model Elements to APIs and API Endpoints,"Singjai, Apitchaka and Zdun, Uwe",,2022,Scopus,76 - 83,,"Microservice APIs are often identified and designed based on Domain-Driven Design (DDD). To help in the continuous analysis of mappings of domain model elements to APIs and API endpoints, we aim to automate the assessment of conformance to Architectural Design Decision (ADD) options. The ADDs, their decision options, and relevant decision drivers studied in this paper originate from an empirical study on the mapping of domain model elements to APIs and API endpoints in practice. We propose automated detectors to detect the decision options of the ADDs taken in a given microservice API model, and an assessment scoring scheme based on the empirical knowledge codified in the ADDs. We evaluate our work, by first manually creating a ground truth for 14 cases in a multi-case study, and then comparing the results of our automated detectors to the ground truth for each of the 14 cases. In the cases we were able to identify 86% of the decision points correctly, and a statistical analysis of our data shows only a negligible effect size for differences to the ground truth. © 2022 IEEE.",Conference paper,10.1109/ICSA-C54293.2022.00058,https://www.scopus.com/inward/record.uri?eid=2-s2.0-85132156777&doi=10.1109%2FICSA-C54293.2022.00058&partnerID=40&md5=3e2aa421b5fd4b24cafd09c2a033ac48,,API Design; Architectural Design Decision; Conformance Assessment; DDD; Microservice Architecture,Architectural design; Software architecture; API design; Architectural design decisions; Automated detectors; Conformance assessment; Continuous analysis; Domain model; Domain-driven designs; Ground truth; Microservice architecture; Model elements; Mapping,,,,Cited by: 1,Accepted,"Studies addressing ACC in microservice-based systems, including cloud-native and event-driven distributed architectures explicitly aligned with the microservices paradigm."
Constructing a service process model based on distributed tracing for conformance checking of microservices,"Sakai, Masaru and Takahashi, Kensuke",,2022,Scopus,,,"In recent years, microservices architectures have become widespread, where services are divided into smaller pieces, communicate with each other, and operate in chains. Distributed tracing, which tracks the processing of user requests, is used to analyze and visualize microservices. In this paper, the trace data obtained from the distributed tracing is divided based on the parent-child relationship and converted into an event log. In addition, process discovery is performed on each of the split event logs to estimate the relationships between microservice processes. Then, generate a normal Petri net model that can reproduce each event log. Finally, the test trace data is used to verify the suitability of the Petri net model. We constructed a service model for two sample microservices with different scales and distributed tracing implementations and demonstrated the proposed method's feasibility through conformance checking using test trace data. © 2022 IEEE.",Conference paper,10.1109/NOMS54207.2022.9789804,https://www.scopus.com/inward/record.uri?eid=2-s2.0-85133197228&doi=10.1109%2FNOMS54207.2022.9789804&partnerID=40&md5=6bb94303cc22ddc54037170a9b0245fd,,Conformance Checking; Distributed Tracing; Petri nets; Process Mining; Process Model,Conformance checking; Distributed tracing; Event logs; Model-based OPC; Petri net models; Process Discovery; Process mining; Process-models; Service process; Trace data; Petri nets,,,,Cited by: 3,Rejected,Studies that do not address Architectural Conformance Checking as a central topic.
Assessing Architecture Conformance to Security-Related Practices in Infrastructure as Code Based Deployments,"Ntentos, Evangelos and Zdun, Uwe and Falazi, Ghareeb and Breitenbücher, Uwe and Leymann, Frank",,2022,Scopus,123 - 133,,"Infrastructure as Code (IaC) enables developers and operations teams to automatically deploy and manage an IT infrastructure via software. Among other uses, IaC is widely used in the context of continuously released deployments such as those of microservice and other cloud-based systems. Although IaC-based deployments have been utilized by many companies, there are no approaches on checking their conformance to architectural aspects yet. In this paper, we focus on security-related practices including observability, access control, and traffic control in IaC-based deployments. While best practices for this topic have been documented in some gray literature sources such as practitioners' blogs and public repositories, approaches enabling automated checking of conformance to such best practices do not yet exist. We propose a model-based approach based on generic, technology-independent metrics, tied to typical architectural design decisions on IaC-based deployments. With this approach, we can measure conformance to security-related practices. We demonstrate and assess the validity and appropriateness of these metrics in assessing a system's conformance to practices through regression analysis. © 2022 IEEE.",Conference paper,10.1109/SCC55611.2022.00029,https://www.scopus.com/inward/record.uri?eid=2-s2.0-85138037280&doi=10.1109%2FSCC55611.2022.00029&partnerID=40&md5=8426e3bbce08ccc97b9609781c1c9c9c,,best practices; Infrastructure as code; metrics; modeling; software architecture,Regression analysis; Software architecture; Traffic control; Best practices; Cloud-based; Generic technology; Grey literature; Infrastructure as code; IT infrastructures; Metric; Model based approach; Modeling; Public repositories; Access control,,,,Cited by: 2,Accepted,"Studies addressing ACC in microservice-based systems, including cloud-native and event-driven distributed architectures explicitly aligned with the microservices paradigm."
Assessing Architecture Conformance to Coupling-Related Infrastructure-as-Code Best Practices: Metrics and Case Studies,"Ntentos, Evangelos and Zdun, Uwe and Soldani, Jacopo and Brogi, A.",Lecture Notes in Computer Science,2022,Scopus,101 - 116,13444 LNCS,"Infrastructure as Code (IaC) is an IT practice that facilitates the management of the underlying infrastructure as software. It enables developers or operations teams to automatically manage, monitor, and provision resources rather than organize them manually. In many industries, this practice is widespread and has already been fully adopted. However, few studies provide techniques for evaluating architectural conformance in IaC deployments and, in particular, aspects such as loose coupling. This paper focuses on coupling-related patterns and practices such as deployment strategies and the structuring of IaC elements. Many best practices are documented in gray literature sources, such as practitioner books, blogs, and public repositories. Still, there are no approaches yet to automatically check conformance with such best practices. We propose an approach based on generic, technology-independent metrics tied to typical architectural design decisions for IaC-based practices in microservice deployments to support architecting in the context of continuous delivery practices. We present three case studies based on open-source microservice architectures to validate our approach. © 2022, The Author(s), under exclusive license to Springer Nature Switzerland AG.",Conference paper,10.1007/978-3-031-16697-6_7,https://www.scopus.com/inward/record.uri?eid=2-s2.0-85139055698&doi=10.1007%2F978-3-031-16697-6_7&partnerID=40&md5=92a48b524ba0d45d201490a08b8edce9,,architecture conformance; IaC best practices; Infrastructure as Code; metrics; software architecture,Software architecture; Architecture conformance; Best practices; Case-studies; Code deployment; Deployment strategy; Grey literature; Infrastructure as code; Infrastructure as code best practice; Loose couplings; Metric; Open source software,,,,Cited by: 3,Accepted,"Studies addressing ACC in microservice-based systems, including cloud-native and event-driven distributed architectures explicitly aligned with the microservices paradigm."
API Description-Based Conformance Assessment of Architectural Design Decision,"Singjai, Apitchaka and Zdun, Uwe",,2022,Scopus,59 - 68,,"Microservice APIs are often designed based on Domain-Driven Design. It can be challenging to judge the quality of the relation between such a design and the implemented API, especially when facing frequent releases and changes in an API and its design models. Manual conformance assessment of this relation is time-intensive and error prone. This paper proposes a novel approach for automated conformance assessment of API designs in relation to API design decisions. Our approach aims to provide the first fully automated conformance assessment approach based solely on the code of API Descriptions such as OpenAPI. We applied and exemplified our approach for checking conformance to the patterns and practices in an API design decision for mapping links in a system's domain model to API representations. The total accuracy score (F1-measure) for decision option identification in our multi-case study for this decision is 97.22%. © 2022 IEEE.",Conference paper,10.1109/SOSE55356.2022.00013,https://www.scopus.com/inward/record.uri?eid=2-s2.0-85141357694&doi=10.1109%2FSOSE55356.2022.00013&partnerID=40&md5=2ad201d4c891488ae0242aec28663d21,,ADD; API Design; Architecture Conformance Assessment; DDD; Microservice Architecture,ADD; API design; Architectural design decisions; Architecture conformance assessment; Conformance assessment; DDD; Design decisions; Design models; Domain-driven designs; Microservice architecture; Application programming interfaces (API),,,,Cited by: 2,Accepted,"Studies addressing ACC in microservice-based systems, including cloud-native and event-driven distributed architectures explicitly aligned with the microservices paradigm."
Conformance assessment of Architectural Design Decisions on API endpoint designs derived from domain models,"Singjai, Apitchaka and Zdun, Uwe",Journal of Systems and Software,2022,Scopus,,193,"Context: Domain-driven design (DDD) is commonly used to design microservices. A crucial aspect of microservice design is API design, which includes the design of API endpoints. Objective: Our objective is to automate the assessment of conformance to Architectural Design Decisions (ADDs) on the interrelation of DDD and APIs. In particular, we studied link mapping, API operation design, and resource segregation as API endpoint design issues that are linked to domain model design. We particularly aim to address conformance checking in the context of frequent release practices, as frequent manual conformance checking is difficult or infeasible. Methods: We suggest a new approach for the automated assessment of conformance to ADD options. The approach suggests automated detectors to detect ADD options selected in a given API endpoint design, as well as an assessment scoring scheme based on empirical results. For the evaluation of our approach, we first manually created a ground truth for 12 cases in a multi-case study, and then compared the results of our automated detectors to the ground truth for each of those cases. Results: With our approach, all ADD options in our multi-case study possibly can be automatically detected. Without further improvements, our approach identifies 83% of the decision points in the multi-case study correctly. A statistical analysis of our data shows only a negligible effect size for differences to the ground truth. Conclusion: Our new approach provides a pragmatic method for automated detection of conformance to ADDs on the interrelation of DDD and APIs. The approach can support the continuous analysis of API endpoint designs. © 2022 The Authors",Article,10.1016/j.jss.2022.111433,https://www.scopus.com/inward/record.uri?eid=2-s2.0-85135305434&doi=10.1016%2Fj.jss.2022.111433&partnerID=40&md5=32dd3c4553ebddce3f7b2a8dc625d20d,,API design; Architecture conformance assessment; Domain driven design; Microservice architecture,Application programming interfaces (API); Architectural design; API design; Architectural design decisions; Architecture conformance assessment; Case-studies; Conformance assessment; Conformance checking; Domain model; Domain-driven designs; Ground truth; Microservice architecture; Automation,,,,Cited by: 5; All Open Access; Hybrid Gold Open Access,Accepted,"Studies addressing ACC in microservice-based systems, including cloud-native and event-driven distributed architectures explicitly aligned with the microservices paradigm."
Extracting the Architecture of Microservices: An Approach for Explainability and Traceability,"Queval, Pierre Jean and Zdun, Uwe",Lecture Notes in Computer Science,2023,Scopus,346 - 353,14212 LNCS,"The polyglot nature of microservice architectures and the need for high reliability in security analyses pose unique challenges that existing approaches to automatic architecture recovery often fail to address. This article proposes an approach for extracting detailed architecture models from polyglot microservice source code focusing on explainability and traceability. The approach involves abstracting code navigation as a tree structure, using an exploratory algorithm to detect architectural aspects, and providing a set of generic detectors as input. The architecture models are automatically annotated with detailed information that makes them useful for architecture conformance checking and violation fixing. Our case studies of microservice software systems validate the usefulness of our approach, providing insights into its completeness, accuracy, and effectiveness for software architecture tasks. © 2023, The Author(s), under exclusive license to Springer Nature Switzerland AG.",Conference paper,10.1007/978-3-031-42592-9_24,https://www.scopus.com/inward/record.uri?eid=2-s2.0-85172069966&doi=10.1007%2F978-3-031-42592-9_24&partnerID=40&md5=0a4509fefe26e4240984deaa4b0a70d1,,Architecture; Explainability; Microservices; Polyglot,Air navigation; Codes (symbols); Software architecture; Architecture modeling; Architecture recovery; Code navigation; Explainability; High reliability; Microservice; Polyglot; Security analysis; Source codes; Tree structures; Trees (mathematics),,,,Cited by: 6,Accepted,"Studies that propose, analyze, or evaluate methods, techniques, approaches, tools, or frameworks for ACC."
Detecting and Resolving Coupling-Related Infrastructure as Code Based Architecture Smells in Microservice Deployments,"Ntentos, Evangelos and Zdun, Uwe and Falazi, Ghareeb and Breitenbücher, Uwe and Leymann, Frank","IEEE International Conference on Cloud Computing, CLOUD",2023,Scopus,201 - 211,2023-July,"The Infrastructure as Code (IaC) concept enables IT infrastructure to be managed as software: resources can be managed, monitored, and provisioned automatically instead of manually by developers or operations teams. Many industries have already embraced this concept widely. However, research on IaC-based deployments, particularly research focusing on loose coupling, often does not offer methods for evaluating architectural conformance, spotting architecture smells, and support for correcting the found smells. Our work strives to provide an automatic method for continuously developing microservice-based systems and the associated infrastructure. We aim to offer an automated architectural refactoring method that checks if IaCbased deployments adhere to patterns and best practices and do not contain potential architectural smells. We provide architects with viable options for enhancing architectural conformance during microservice development. In short, by continuously detecting architectural smells and suggesting possible fixes, we aim to support architecture evolution within the framework of continuous delivery practices. We evaluate our approach using three case studies and variants based on open-source microservice architectures. © 2023 IEEE.",Conference paper,10.1109/CLOUD60044.2023.00031,https://www.scopus.com/inward/record.uri?eid=2-s2.0-85174302755&doi=10.1109%2FCLOUD60044.2023.00031&partnerID=40&md5=c14bcce16ca5f1ab642cef5a88458038,,architecture smells; best practices; Infrastructure as code; metrics; modeling,Codes (symbols); Open source software; Architecture smell; Automatic method; Best practices; Infrastructure as code; IT infrastructures; Loose couplings; Metric; Modeling; Refactoring methods; Software resources; Odors,,,,Cited by: 2,Accepted,"Studies addressing ACC in microservice-based systems, including cloud-native and event-driven distributed architectures explicitly aligned with the microservices paradigm."
Exploring Architectural Evolution in Microservice Systems Using Repository Mining Techniques and Static Code Analysis,"Genfer, Patric and Zdun, Uwe",Lecture Notes in Computer Science,2024,Scopus,157 - 173,14889 LNCS,"Microservices have gained popularity for isolating service functionality and mitigating issues such as architectural erosion and technical debt. However, their decentralized nature and rapid development often obscure the holistic view of the system and lead developers to lose sight of the overarching architecture. Our work addresses this challenge by proposing a novel approach to track and assess the evolution of microservice architectures through static source code analysis. We combine source code repository mining techniques with architectural reconstruction to measure various metrics throughout a system’s development history. Our approach uses a formal API-based decomposition model that can easily be adapted for different scenarios by choosing various architectural metrics. We validated our method’s scalability and robustness through a case study on an extensive open-source microservice reference system with more than 40 individual services written in different languages and more than 400 commits. Our research provides software architects with a powerful tool to identify and monitor problematic architectural trends before they become imminent threats, enabling the evolution of microservice-based systems while maintaining architectural coherence and integrity. © The Author(s), under exclusive license to Springer Nature Switzerland AG 2024.",Conference paper,10.1007/978-3-031-70797-1_10,https://www.scopus.com/inward/record.uri?eid=2-s2.0-85203600424&doi=10.1007%2F978-3-031-70797-1_10&partnerID=40&md5=7a0d70dcf9868757ca1f21ec1cf1b792,,evolution; metrics; Microservice API; source code detectors; source code repository mining,Problem oriented languages; Program debugging; Architectural evolution; Evolution; Metric; Microservice API; Mining techniques; Repository mining; Source code detector; Source code repositories; Source code repository mining; Source codes; Open source software,,,,Cited by: 4,Accepted,"Studies that propose, analyze, or evaluate methods, techniques, approaches, tools, or frameworks for ACC."
DOMICO: Checking conformance between domain models and implementations,"Zhong, Chenxing and Zhang, He and Huang, Huang and Chen, Zhikun and Li, Chao and Liu, Xiaodong and Li, Shanshan",Software - Practice and Experience,2024,Scopus,595 - 616,54,"As a predominant design method for microsservices architecture (MSA), domain-driven design (DDD) utilizes a series of standard patterns in both models and implementations to effectively support the design of architectural elements. However, an implementation may deviate from its original domain model that uses certain patterns. The deviation between a domain model and its implementation is a type of architectural drift, which needs to be detected promptly. This paper proposes an approach, namely DOMICO, to check the conformance between the domain model and its implementation, by which the conformance is formalized by defining eight common structural patterns of domain modeling and their representations in both models and the corresponding source code. Based on the formalization, our approach can not only identify the discrepancies (e.g., divergence, absence, and modification) with respect to pattern elements, but also detect possible violations of 24 compliance rules imposed by the patterns. To validate DOMICO, we performed a case study to investigate its use in a supply chain project and its performance. The results show that DOMICO can accurately identify 100% inconsistency issues in the cases examined. As the first conformance checking approach for DDD, DOMICO can be integrated into the regular domain modeling process and help ensure the conformity of microservice implementations to models. © 2023 John Wiley & Sons, Ltd.",Article,10.1002/spe.3272,https://www.scopus.com/inward/record.uri?eid=2-s2.0-85174190323&doi=10.1002%2Fspe.3272&partnerID=40&md5=77117fcaf4d7e21b10d8ffbc4c176c19,,architectural drift; architecture conformance checking; code implementation; domain model; domain-driven design; microservices architecture,Architectural design; Codes (symbols); Architectural drift; Architectural element; Architecture conformance checking; Code implementation; Conformance checking; Design method; Domain model; Domain-driven designs; Microservice architecture; Standard pattern; Supply chains,,,,Cited by: 5; All Open Access; Bronze Open Access,Accepted,Studies that explicitly investigate Architectural Conformance Checking (ACC) in software systems.
Detection Strategies for Microservice Security Tactics,"Zdun, Uwe and Queval, Pierre Jean and Simhandl, Georg and Scandariato, Riccardo and Chakravarty, Somik and Jelić, Marjan and Jovanović, A. S.",IEEE Transactions on Dependable and Secure Computing,2024,Scopus,1257 - 1273,21,"Microservice architectures are widely used today to implement distributed systems. Securing microservice architectures is challenging because of their polyglot nature, continuous evolution, and various security concerns relevant to such architectures. This article proposes a novel, model-based approach providing detection strategies to address the automated detection of security tactics (or patterns and best practices) in a given microservice architecture decomposition model. Our novel detection strategies are metrics-based rules that decide conformance to a security recommendation based on a statistical predictor. The proposed approach models this recommendation using Architectural Design Decisions (ADDs). We apply our approach for four different security-related ADDs on access management, traffic control, and avoiding plaintext sensitive data in the context of microservice systems. We then apply our approach to a model data set of 10 open-source microservice systems and 20 variants of those systems. Our results are detection strategies showing a very low bias, a very high correlation, and a low prediction error in our model data set. © 2004-2012 IEEE.",Article,10.1109/TDSC.2023.3276487,https://www.scopus.com/inward/record.uri?eid=2-s2.0-85160216527&doi=10.1109%2FTDSC.2023.3276487&partnerID=40&md5=9c14d9de24c27f20d68ba619a574a65d,,Conformance checking; detection strategies; metrics; microservice architecture security; microservices,Authorization; Information management; Network security; Open systems; Sensitive data; Architectural design decisions; Code; Conformance checking; Detection strategy; Metric; Microservice; Microservice architecture; Microservice architecture security; Modeling data; Security; Computer architecture,,,,Cited by: 3; All Open Access; Hybrid Gold Open Access,Accepted,"Studies addressing ACC in microservice-based systems, including cloud-native and event-driven distributed architectures explicitly aligned with the microservices paradigm."
CATMA: Conformance Analysis Tool for Microservice Applications,"Cao, Clinton and Schneider, Simon and Díaz Ferreyra, Nicolás E. and Verwer, Sicco E. and Panichella, Annibale and Scandariato, Riccardo",Proceedings - International Conference on Software Engineering,2024,Scopus,59 - 63,,"The microservice architecture allows developers to divide the core functionality of their software system into multiple smaller services. However, this architectural style also makes it harder for them to debug and assess whether the system's deployment conforms to its implementation. We present CATMA, an automated tool that detects non-conformances between the system's deployment and implementation. It automatically visualizes and generates potential interpretations for the detected discrepancies. Our evaluation of CATMA shows promising results in terms of performance and providing useful insights. CATMA is available at https://cyberanalytics. nl/catma.github.io/, and a demonstration video is available at https://youtu.be/WKP1hG-TDKc. © 2024 IEEE Computer Society. All rights reserved.",Conference paper,10.1145/3639478.3640022,https://www.scopus.com/inward/record.uri?eid=2-s2.0-85188258629&doi=10.1145%2F3639478.3640022&partnerID=40&md5=1f4f18ceba149d26d74bb010a0657fb2,,dynamic analysis; empirical software engineering; microservices; software testing; static analysis,Application programs; HTTP; Program debugging; Static analysis; Analysis tools; Architectural style; Automated tools; Core functionality; Dynamics analysis; Empirical Software Engineering; Microservice; Software testings; Software-systems; System deployment; Software testing,,,,Cited by: 4; All Open Access; Gold Open Access; Green Open Access,Accepted,"Studies addressing ACC in microservice-based systems, including cloud-native and event-driven distributed architectures explicitly aligned with the microservices paradigm."
"Increased reliability in SOA environments through registry-based
conformance testing of Web services","Kourtesis, D. and Ramollari, E. and Dranidis, D. and Paraskakis, I.",PRODUCTION PLANNING \& CONTROL,2010,ISI Web of Science,130-144,21,"Organisations wishing to engage in industrial collaborative networks
will typically seek some guarantees concerning the reliability of their
prospective partners before committing to cooperation. Evaluating
reliability can encompass several aspects, but one of the most crucial
things to consider from a cooperation perspective is whether the
software systems that support the business processes of some
collaborator actually behave as expected. For organisations that rely on
a service-oriented computing infrastructure, this amounts to checking
whether the functionality of the respective services is conformant to a
given behavioural specification. Today's state of the art lacks
standardised methods for creating behavioural specifications of Web
services, and also lacks tools for automating the process of behavioural
conformance checking through testing. This paper presents a concrete
method for creating formal specifications of Web service behaviour and
utilising them within service registries for automated testing of
service implementations in order to verify and certify their
conformance.",Article,10.1080/09537280903441922,,"Kourtesis, D (Corresponding Author), Univ Sheffield, Res Ctr, SEERC, 24 Proxenou Koromila Str, Thessaloniki 54622, Greece.
Kourtesis, D.; Ramollari, E.; Dranidis, D.; Paraskakis, I., Univ Sheffield, Res Ctr, SEERC, Thessaloniki 54622, Greece.
Kourtesis, D.; Ramollari, E.; Dranidis, D.; Paraskakis, I., CITY Coll, Thessaloniki 54622, Greece.
Dranidis, D., Univ Sheffield, Int Fac, Dept Comp Sci, CITY Coll, Thessaloniki 54626, Greece.",,Web services; registry; behavioural conformance; testing,TAYLOR \& FRANCIS LTD,0953-7287,English,,Rejected,Studies that do not address Architectural Conformance Checking as a central topic.
A runtime monitoring and validation framework for Web service interactions,"Li, Z. and Jin, Y. and Han, J.",,2006,IEEE Digital Library,10 pp.-79,,"Web services are designed for composition and use by third parties through dynamic discovery. As such, the issue of interoperability between services is of great importance to ensure that the services can work together towards the overall application goals. In particular, the interaction protocols of a service need to be implemented and used properly so that the service composition can conduct itself in an orderly fashion. In our previous work, we have proposed a lightweight, pattern/constraint-based approach to specifying service interaction protocols. It has been incorporated into OWL-S for service developers to describe service interaction constraints. In this paper, we present a framework for monitoring the run-time interaction behaviour of Web services and validating the behaviour against their pre-defined interaction constraints. The framework involves interception of service interactions/messages, representation of interaction constraints using finite state automata, and conformance checking of service interactions against interaction constraints. As such, the framework provides a useful tool for validating the implementation and use of services regarding their interaction behaviour",,10.1109/ASWEC.2006.6,,,,Runtime;Monitoring;Web services;Protocols;Australia;Automata;Contracts;Service oriented architecture;Bridges;Software engineering,,2377-5408,,,Rejected,Studies that do not address Architectural Conformance Checking as a central topic.
Mining and checking web services behavior,"Wan, Xiaomin and Mao, Xiaoguang and Dai, Ziying",,2012,IEEE Digital Library,1004-1009,,"As an emerging paradigm for architecting, service-oriented computing plays a more and more important role in information technology. To ensure that web services are working according with the expectation, the research in service behavior about interactions between services is crucial to guarantee no deviation from specification. To detect these deviations, we propose a method to mine and check web service behavior. The method attempts to apply process mining to interactions between services in order to narrow the gap between service consumers and providers. By observing executions of services, we present three levels of abstraction on service behavior: internal behavior, external behavior and workflow behavior. Then we outline the approach to extract behavioral model that provides specification to the activity of service checking. Finally the framework of service behavior checking is presented.",,10.1109/INDIN.2012.6301239,,,,Data mining;Customer services;Simple object access protocol;Automata;Computational modeling;web service mining;conformance checking;web services;behavioral model,,2378-363X,,,Rejected,Studies that do not address Architectural Conformance Checking as a central topic.
Continuous Conformance of Software Architectures,"Bucaioni, Alessio and Di Salle, Amleto and Iovino, Ludovico and Mariani, Leonardo and Pelliccione, Patrizio",,2024,IEEE Digital Library,112-122,,"Software architectures are pivotal in the success of software-intensive systems and serve as foundational elements that significantly impact the overall software quality. Reference architectures abstract software elements, define main responsibilities and interactions within a domain, and guide the architectural design of new systems. Using reference architectures offers advantages like enhanced interoperability, cost reduction through reusability, decreased project risks, improved communication, and adherence to best practices. However, these benefits are most pronounced when software architectures align with reference architectures. Deviations from prescribed reference architectures can nullify these benefits. Uncontrolled misalignment can become prohibitively expensive, necessitating costly redevelopments, with maintenance costs reaching up to 90% of development costs. Conformance-checking processes and identifying and resolving violations in the software architecture are essential to mitigate misalignment. To address these challenges, we introduce the concept of continuous conformance that is expressed as a distance function, together with a process supporting it. Continuous conformance quantifies the degree to which a software architecture adheres to a designated reference architecture. The conformance concept enables multi-level, incremental, and non-blocking checking and restoration tasks and allows the check of partial architectures without obstructing the design process. We operationalize this process through an assistive modeling tool to architect an Internet of things-based system.",,10.1109/ICSA59870.2024.00019,,,,Costs;Software architecture;Computer architecture;Software quality;Maintenance;Internet;Task analysis;Reference architecture;conformance;modeling assistant,,2835-7043,,,Accepted,"Studies that propose, analyze, or evaluate methods, techniques, approaches, tools, or frameworks for ACC."
Runtime Monitoring of Web Service Conversations,"Simmonds, Jocelyn and Gan, Yuan and Chechik, Marsha and Nejati, Shiva and O'Farrell, Bill and Litani, Elena and Waterhouse, Julie",IEEE Transactions on Services Computing,2009,IEEE Digital Library,223-244,2,"For a system of distributed processes, correctness can be ensured by (statically) checking whether their composition satisfies properties of interest. However, Web services are distributed processes that dynamically discover properties of other Web services. Since the overall system may not be available statically and since each business process is supposed to be relatively simple, we propose to use runtime monitoring of conversations between partners as a means of checking behavioral correctness of the entire Web service system. Specifically, we identify a subset of UML 2.0 Sequence Diagrams as a property specification language and show that it is sufficiently expressive for capturing safety and liveness properties. By transforming these diagrams to automata, we enable conformance checking of finite execution traces against the specification. We show how our language can be used to specify the Specification Property System (SPS) [1]. We describe an implementation of our approach as part of an industrial system. Finally, we discuss our experience of specifying and monitoring a number of properties from three existing applications.",,10.1109/TSC.2009.16,,,,Monitoring;Web services;Automata;Runtime;Unified modeling language;Data mining;Probability density function;Nondeterministic finite automata;runtime monitoring;sequence diagrams;temporal logic patterns;Web service conversations.,,1939-1374,,,Rejected,Studies that do not address Architectural Conformance Checking as a central topic.
Verifying conformance between Web service choreography and implementation using learning and model checking,"Pacharoen, Warawoot and Aoki, Toshiaki and Bhattarakosol, Pattarasinee and Surarerks, Athasit",,2011,IEEE Digital Library,375-381,2,"A conformance problem between Web service choreography and orchestration has attracted much interest in the research field of Web service composition. A number of formal languages have been proposed for describing both choreography and orchestration. Moreover, various notions of conformance between them have been formally defined. In most of the earlier works, however, it is assumed that the internal structures of implemented orchestration are explicit. It may not always be the case, such as the Web services implemented in. NET or Java. In this paper, we have investigated an alternative approach for verifying a conformance between choreography and the implementation whose only external behavior can be observed. We use an adapted version of Angluin's algorithm to infer a Mealy machine from the implemented Web service. By transforming the Mealy machine to the modeling formalism LTS, the model checker LTSA can be used for checking the conformance criterion in our framework.",,,,,,Analytical models;Business;Machine learning;Inference algorithms;Algorithm design and analysis;Service oriented architecture;Web service composition;Choreography;Conformance verification;Learning algorithm;Model checking,,,,,Rejected,Studies that do not address Architectural Conformance Checking as a central topic.
Conformance Checking and QoS Optimizing of Web Service Composition,"Zhang, Guojun",,2013,IEEE Digital Library,784-787,,"Due to the inherent autonomy and heterogeneity of component Web services it is difficult to predict the behavior of the overall composite service. Besides, the performance of the composed application is determined by the performance of the involved component web services. Therefore, the behavior conformance and non-functional quality of service (QoS) properties are crucial for selecting the web services to take part in the composition. The behavior conformance of component services is the guarantee of the correctness of Web service composition, and QoS properties can identify the best candidate web services from a set of functionally-equivalent services. In this paper, two formal judgmental rules are presented, which check conformance of local behavior of every component service to global interaction. We also use skyline computation to select services for composition effectively and efficiently, reducing the number of candidate services to be considered. We also define aggregation functions, and use a Multiple Attribute Decision Making approach for the utility function to achieve Qos-based optimal service selection. We evaluate our approach experimentally using both real and synthetically generated datasets.",,10.1109/CIS.2013.171,,,,Quality of service;Business;Semantics;Educational institutions;Service-oriented architecture;Grammar,,,,,Rejected,Studies that do not address Architectural Conformance Checking as a central topic.
Exercising control over the design of evolving software systems using an inverse application of reflexion modeling,"Gear, Andrew Le and Buckley, Jim",,2006,ACM Digital Library,37–es,,"A software designer often has little control over, or a means of checking, whether his design is being adhered to once implementation begins. This 'architectural drift,' where the original design and the design of the implemented system diverge can cause serious problems for evolution, maintenance and the comprehensibility of a system if it remains undocumented. The earlier such discrepancies can be identified the better. This paper proposes a process for design control based on an inverted use of a design recovery technique called Reflexion Modeling that allows the software designer to enforce his design decisions during the implementation phase of the software engineering process.A large industrial case study of the development of an IBM system called DAP is used to demonstrate the effectiveness of the process. Based on a comparison between the old implementation of DAP and the new version, our findings suggests that better design control is achievable using our inverse Reflexion Modeling approach. This is because, during the case study our process revealed violations in the design of DAP. These were captured early and marked for correction. The violations were present in spite of the fact that the architect and implementer of the system was the same person. This indicates that design violations are very easily introduced and often unintentional, particularly in larger team-development contexts.Another measure of the value of the approach is the uptake of the tool by others in the organization. This has been quite rapid, with up to 15 installations since this work began. The next step will be to monitor several more iterations of the design control process and report upon the results of this new data.",,10.1145/1188966.1189016,https://doi.org/10.1145/1188966.1189016,,,,IBM Corp.,,,,Rejected,Short papers lacking sufficient methodological detail to assess the proposed approach.
"Focus: A Light-Weight, Incremental Approach to Software Architecture Recovery and Evolution","Ding, Lei and Medvidovic, Nenad",,2001,ACM Digital Library,191,,"During the past decade, object-orientation (OO) has become the dominant software development methodology, accompanied by a number of modeling notations, programming languages, and development environments. OO applications of today are increasingly complex and user-driven. They are also developed more rapidly and evolved more frequently than was the case with software systems of the past. All of these factors contribute to a plethora of potential problems when maintaining and evolving an OO application. These problems are caused by architectural erosion, where the initial architecture of an application is (arbitrarily) modified to the point where its key properties no longer hold. We propose an approach, called Focus, whose goal is to enable effective evolution of such an application with minimal effort, by recovering its architecture and using it as the basis of evolution. Focus allows engineers to direct their primary attention to the part of the system that is directly impacted by the desired change; subsequent changes will incrementally uncover additional parts of the system's architecture. We have applied Focus to four off-the-shelf applications to date. We discuss its key strengths and point out several open issues that will frame our future work.",,10.1109/WICSA.2001.948429,https://doi.org/10.1109/WICSA.2001.948429,,,"GUI, OO, Software architecture, evolution, recovery",IEEE Computer Society,,,,Rejected,Studies that do not address Architectural Conformance Checking as a central topic.
Predicting Emergent Properties of Component Based Systems,"Bhattacharya, Sutirtha and Perry, Dewayne E.",,2007,ACM Digital Library,41–50,,"Software Product Lines (SPL), Component Based Software Engineering (CBSE) and Commercial Off the Shelf (COTS) components provide a rich supporting base for creating software architectures. Further, they promise significant improvements in the quality of software configurations that can be composed from prebuilt components. Software architectural styles provide a way for achieving a desired coherence for such component-based architectures. This is because the different architectural styles enforce different quality attributes for a system. If the architectural style of an emergent system could be predicted in advance, the System Architect could make necessary changes to ensure that the quality attributes dictated by the system requirements were satisfied before the actual system was deployed. In this paper we propose a model for predicting architectural styles, and hence the quality attributes, based on use cases that need to be satisfied by a system configuration. Our technique can be used to determine stylistic conformance and hence indicate the presence or absence of architectural drift.",,10.1109/ICCBSS.2007.25,https://doi.org/10.1109/ICCBSS.2007.25,,,,IEEE Computer Society,,,,Rejected,Studies that do not address Architectural Conformance Checking as a central topic.
"Microservice Security Metrics for Secure Communication, Identity Management, and Observability","Zdun, Uwe and Queval, Pierre-Jean and Simhandl, Georg and Scandariato, Riccardo and Chakravarty, Somik and Jelic, Marjan and Jovanovic, Aleksandar",ACM Trans. Softw. Eng. Methodol.,2023,ACM Digital Library,,32,"Microservice architectures are increasingly being used to develop application systems. Despite many guidelines and best practices being published, architecting microservice systems for security is challenging. Reasons are the size and complexity of microservice systems, their polyglot nature, and the demand for the continuous evolution of these systems. In this context, to manually validate that security architecture tactics are employed as intended throughout the system is a time-consuming and error-prone task. In this article, we present an approach to avoid such manual validation before each continuous evolution step in a microservice system, which we demonstrate using three widely used categories of security tactics: secure communication, identity management, and observability. Our approach is based on a review of existing security guidelines, the gray literature, and the scientific literature, from which we derived Architectural Design Decisions (ADDs) with the found security tactics as decision options. In our approach, we propose novel detectors to detect these decision options automatically and formally defined metrics to measure the conformance of a system to the different options of the ADDs. We apply the approach to a case study data set of 10 open source microservice systems, plus another 20 variants of these systems, for which we manually inspected the source code for security tactics. We demonstrate and assess the validity and appropriateness of our metrics by performing an assessment of their conformance to the ADDs in our systems’ dataset through statistical methods.",,10.1145/3532183,https://doi.org/10.1145/3532183,,,"Microservice architecture, microservice security, software architecture metrics, software architecture detectors",Association for Computing Machinery,1049-331X,,,Rejected,Studies that do not address Architectural Conformance Checking as a central topic.
Co-evolution of component-based architecture-model and object-oriented source code,"Langhammer, Michael",,2013,ACM Digital Library,37–42,,"With the evolution of software systems, architecture model and system implementation tend to drift apart. While suitable architecture model supports architects and developers in better understanding the software system, the missing synchronization to source code of the underlying implementation can result in outdated architecture models. In this paper, we address two challenges in today's architecture-driven software development: architecture drift and architecture erosion. We introduce a co-evolution approach of a component-based architecture model and object-oriented source code. Our novel approach supports software architects and software developers by introducing a tight and continuous synchronization of a component-based architecture model and the source code. To get architecture evolution under control, our co-evolution approach maps architecture changes done via the source code to the architecture model and vice versa. This explicit support of changes and refactorings at architecture-level prevents unintended architecture violations. In order to evaluate our approach, we plan different case studies whose layout is designed in the evaluation section.",,10.1145/2465498.2465504,https://doi.org/10.1145/2465498.2465504,,,co-evolution,Association for Computing Machinery,,,,Rejected,"Studies that are clearly misaligned with the research questions, even if they mention ACC-related terms."
Consistency Management for Security Annotations for Continuous Verification,"Reiche, Frederik and Weber, Thomas and Becker, Simeon and Weber, Sebastian and Heinrich, Robert and Burger, Erik",,2024,ACM Digital Library,1096–1105,,"Analyses on the architecture of systems can yield valuable insights into a system even before it is built. The applicability of the results of these design time analyses to the system requires the system to be built according to its specification, i.e., to not violate constraints defined on the architecture. The conformance of the results of static code analyses and design time analyses ensures the system is built according to its specification. The first step for conforming results of these analyses is to ensure that the system and its specification is represented consistently in the input of the design time analysis and static code analysis, i.e., they comprise corresponding system elements and specifications for them. To achieve conforming inputs, we used consistency specifications between architecture and code models and implemented them between annotation models that enrich the architecture description with security annotations on the architecture level, as well as security annotations on the code level. This allows the continuous conformance checking during implementation and later during evolution of the system. We implemented the consistency specifications in the Vitruvius framework for an ADL and Java and tested it on case studies.",,10.1145/3652620.3687821,https://doi.org/10.1145/3652620.3687821,,,"model-based analysis, consistency management, development framework, early and continuous verification",Association for Computing Machinery,,,,Rejected,"Studies that are clearly misaligned with the research questions, even if they mention ACC-related terms."
Supporting Software Evolution by Integrating DSL-based Architectural Abstraction and Understandability Related Metrics,"Stevanetic, Srdjan and Haitzer, Thomas and Zdun, Uwe",,2014,ACM Digital Library,,,"Software architecture erosion and architectural drift are well known software evolution problems. While there exist a number of approaches to address these problems, so far in these approaches the understandability of the resulting architectural models (e.g., component models) is seldom studied. However, reduced understandability of the architectural models might lead to problems similar to architecture erosion and architectural drift. To address this problem, we propose to extend our existing DSL-based architecture abstraction approach with empirically evaluated understandability metrics. While the DSL-based architecture abstraction approach enables software architects to keep source code and architecture consistent, the understandability metrics extensions enables them, while working with the DSL, to continuously judge the understandability of the architectural component models they create with the DSL. We studied the applicability of our approach in a case study of an existing open source system.",,10.1145/2642803.2642822,https://doi.org/10.1145/2642803.2642822,,,"Architectural Abstraction, Architectural Component Views, DSL, Empirical Evaluation, Software Evolution, Software Metrics, Understandability",Association for Computing Machinery,,,,Rejected,"Studies that discuss software architecture in general without addressing conformance, compliance, or consistency."
Monitoring Behavioral Compliance with Architectural Patterns Based on Complex Event Processing,"Krieger, Christoph and Breitenb\""{u}cher, Uwe and Falkenthal, Michael and Leymann, Frank and Yussupov, Vladimir and Zdun, Uwe",,2020,ACM Digital Library,125–140,,"Architectural patterns assist in the process of architectural decision making as they capture architectural aspects of proven solutions. In many cases, the chosen patterns have system-wide implications on non-functional requirements such as availability, performance, and resilience. Ensuring compliance with the selected patterns is of vital importance to avoid architectural drift between the implementation and its desired architecture. Most of the patterns not only capture structural but also significant behavioral architectural aspects that need to be checked. In case all properties of the system are known before runtime, static compliance checks of application code and configuration files might be sufficient. However, in case aspects of the system dynamically evolve, e.g., due to manual reconfiguration, compliance with the architectural patterns also needs to be monitored during runtime. In this paper, we propose to link compliance rules to architectural patterns that specify behavioral aspects of the patterns based on runtime events using stream queries. These queries serve as input for a complex event processing component to automatically monitor architecture compliance of a running system. To validate the practical feasibility, we applied the approach to a set of architectural patterns in the domain of distributed systems and prototypically implemented a compliance monitor.",,10.1007/978-3-030-44769-4_10,https://doi.org/10.1007/978-3-030-44769-4_10,,,"Architecture compliance, Architectural patterns, Behavioral compliance monitoring, Complex event processing",Springer-Verlag,,,,Accepted,"Studies addressing ACC in microservice-based systems, including cloud-native and event-driven distributed architectures explicitly aligned with the microservices paradigm."
Assessing architectural drift in commercial software development: a case study,"Rosik, Jacek and Le Gear, Andrew and Buckley, Jim and Babar, Muhammad Ali and Connolly, Dave",Softw. Pract. Exper.,2011,ACM Digital Library,63–86,41,"Objectives: Software architecture is perceived as one of the most important artefacts created during a system's design. However, implementations often diverge from their intended architectures: a phenomenon called architectural drift. The objective of this research is to assess the occurrence of architectural drift in the context of de novo software development, to characterize it, and to evaluate whether its detection leads to inconsistency removal. Method: An in vivo, longitudinal case study was performed during the development of a commercial software system, where an approach based on Reflexion Modelling was employed to detect architectural drift. Observation and think-aloud data, captured during the system's development, were assessed for the presence and types of architectural drift. When divergences were identified, the data were further analysed to see if identification led to the removal of these divergences. Results: The analysed system diverged from the intended architecture, during the initial implementation of the system. Surprisingly however, this work showed that Reflexion Modelling served to conceal some of the inconsistencies, a finding that directly contradicts the high regard that this technique enjoys as an architectural evaluation tool. Finally, the analysis illustrated that detection of inconsistencies was insufficient to prompt their removal, in the small, informal team context studied. Conclusions: Although the utility of the approach for detecting inconsistencies was demonstrated in most cases, it also served to hide several inconsistencies and did not act as a trigger for their removal. Hence additional efforts must be taken to lessen architectural drift and several improvements in this regard are suggested. Copyright © 2010 John Wiley &amp; Sons, Ltd.",,10.1002/spe.999,https://doi.org/10.1002/spe.999,,,"architecture consistency, architecture degeneration, reflection models, software/program verification","John Wiley &amp; Sons, Inc.",0038-0644,,,Rejected,"Studies that are clearly misaligned with the research questions, even if they mention ACC-related terms."
An industrial case study of architecture conformance,"Rosik, Jacek and Le Gear, Andrew and Buckley, Jim and Ali Babar, Muhammad",,2008,ACM Digital Library,80–89,,"A software designer often has little control over, or means of checking, whether his design is being adhered to, once the implementation begins. This 'architectural drift', where the original design of the system and the as-implemented design of the system diverge, can cause serious problems for evolution, maintenance and the comprehensibility of a system if it remains undocumented or uncorrected. The earlier such discrepancies can be identified, the better.This paper reports on a case study designed to evaluate a proposed approach for monitoring architectural drift during software development. The proposed approach differs significantly from existing design conformance approaches in that it has been designed for application within a forward engineering context. The findings show the utility of the approach in identifying architectural drift but also illustrate a number of improvements that could be made to the technique to further promote architecture conformance.",,10.1145/1414004.1414019,https://doi.org/10.1145/1414004.1414019,,,"architectural drift, architecture conformance, industrial experience, reflexion modelling",Association for Computing Machinery,,,,Rejected,"Studies that are clearly misaligned with the research questions, even if they mention ACC-related terms."
Detecting deviations in the code using architecture view-based drift analysis,"Uzun, Burak and Tekinerdogan, Bedir",Comput. Stand. Interfaces,2024,ACM Digital Library,,87,,,10.1016/j.csi.2023.103774,https://doi.org/10.1016/j.csi.2023.103774,,,"Software architecture reconstruction, Model-driven development, Architecture drift analysis, Architecture drift",Elsevier Science Publishers B. V.,0920-5489,,,Rejected,"Studies that are clearly misaligned with the research questions, even if they mention ACC-related terms."
Complementing model-driven development for the detection of software architecture erosion,"Herold, Sebastian and Rausch, Andreas",,2013,ACM Digital Library,24–30,,"Detecting software architecture erosion is an important task during the development and maintenance of software systems. Even in model-driven approaches in which consistency between artifacts can partially be established by construction and consistency issues have been intensively investigated, the intended architecture and its realization may diverge with negative effects on software quality.In this article, we describe an approach to flexible architecture erosion detection for model-driven development approaches. Consistency constraints expressed by architectural aspects called architectural rules are specified as formulas on a common ontology, and models are mapped to instances of that ontology. A knowledge representation and reasoning system is then utilized to check whether these architectural rules are satisfied for a given set of models.We describe three case studies in which this approach has been used to detect architecture erosion flexibly and argue that the negative effects of architecture erosion can be minimized effectively.",,,,,,"architecture conformance checking, inter-model consistency, software architecture, software architecture erosion",IEEE Press,,,,Rejected,"Studies that are clearly misaligned with the research questions, even if they mention ACC-related terms."
Model-Driven Software Architecture Conformance Analysis,"Uzun, Burak and M., Ak\c{s}it, and M., Chaudron, and H., Vangheluwe, and J, Pennings,",,2021,ACM Digital Library,,,"Every software system has an architecture that defines the gross-level structure of the system and consists of architectural components, relations and their interactions. A common practice to model software architectures is based on the notion of so-called architecture viewpoints, which define the templates and guidelines for the architecture from the perspective of one or more stakeholder concerns. Based on architecture viewpoints, architecture views can be derived for a particular system. Usually, the architecture of a system consists of multiple architecture views. Since software systems constantly evolve, the software code can start to diverge from the documented software architecture. Architecture conformance analysis methods have been proposed that compare and check the differences between the code and the software architecture. Elements in the code might conform to the elements in the architecture, elements might be absent, or the code might diverge from the architecture and introduce new elements. Conformance analysis is performed on two levels which are code and architecture levels. Codelevel conformance analysis employs intended architecture to generate runnable specifications that are executed on the code to reveal divergence or absence relations. Architecture level conformance analysis employs reconstructed architecture from implementation and compares intended architecture with reconstructed architecture. Manually checking for divergence and absence relations in large-scale software systems is time-consuming and cumbersome; hence, most conformance analysis methods in the industry are either semi-automated or fully automated. Software testing can be used to detect the divergence and absence relations. Automation in software testing can be achieved by model-based testing techniques. Modelbased testing is a software testing technique in which certain aspects of software system behaviours are defined in a model that is a basis for abstract tests. Concrete tests are derived from these abstract tests and executed against the software system under test.The main objective in this thesis is to define model-driven conformance analysis methodologies to detect the absence and divergence relations of software systems. To this end we answered the following research questions:RQ1:What are current solutions for model-driven architecture-based testing?RQ2:What are the limitations and benefits of code level model-based architecture conformance analysis using architecture viewpoints?RQ3:What are the characteristic features of architecture reconstruction methods?RQ4:What are the limitations and benefits of architecture level model-based architecture conformance analysis using architecture viewpoints?To answer these research questions, we used five different research methodologies which are: Systematic Literature Review, Case Study Research, Survey Study, Domain Analysis, Design Science Research.In chapter 2, we applied a systematic literature review for model-driven architecture based testing. We defined three research questions which are related to identifying addressed concerns, proposed solutions and existing research directions. We thoroughly analyzed 31 primary studies out of 739 studies. Firstly, we identified two concerns for applying MDABT which are: code to architecture conformance checking and internal architecture consistency checking. Furthermore, we derived a generic process model for model-driven architecture- based testing. Lastly, we identified current obstacles and existing research directions based on selected primary studies. We identified seven obstacles for MDABT which are: the need for executable models for representing architecture, coping with the abstraction difference between architecture and code, the combinatorial state explosion problem, the lack of architecture views to consider multiple different concerns, the need for automating the process by tools, the costbenefit analysis, and the need for applying ",,,,,,,Wageningen University and Research,,,AAI28820543,Rejected,"Theses, dissertations, monographs, or books."